﻿<?xml version="1.0" encoding="utf-8"?>
<Root>
  <Item>
    <Type>100</Type>
    <KeyNameSubString></KeyNameSubString>
    <ValueNameSubString></ValueNameSubString>
    <ItemTextSubString>Microsoft\Speech\Recognizers</ItemTextSubString>
  </Item>
  <Item>
    <Type>100</Type>
    <KeyNameSubString></KeyNameSubString>
    <ValueNameSubString></ValueNameSubString>
    <ItemTextSubString>THE BAT!\MAIL\SMIMERND.BIN</ItemTextSubString>
  </Item>
  <Item>
    <Type>200</Type>
    <KeyNameSubString>\Titan FTP Server\Servers</KeyNameSubString>
    <ValueNameSubString></ValueNameSubString>
    <ItemTextSubString></ItemTextSubString>
  </Item>
  <Item>
    <Type>200</Type>
    <KeyNameSubString>\Hewlett-Packard</KeyNameSubString>
    <ValueNameSubString></ValueNameSubString>
    <ItemTextSubString></ItemTextSubString>
  </Item>
  <Item>
    <Type>200</Type>
    <KeyNameSubString>\Microsoft\Money</KeyNameSubString>
    <ValueNameSubString></ValueNameSubString>
    <ItemTextSubString></ItemTextSubString>
  </Item>
  <Item>
    <Type>200</Type>
    <KeyNameSubString>\Software\Far\</KeyNameSubString>
    <ValueNameSubString></ValueNameSubString>
    <ItemTextSubString></ItemTextSubString>
  </Item>
  <Item>
    <Type>200</Type>
    <KeyNameSubString>\WinRAR\Profiles</KeyNameSubString>
    <ValueNameSubString></ValueNameSubString>
    <ItemTextSubString></ItemTextSubString>
  </Item>
  <Item>
    <Type>200</Type>
    <KeyNameSubString>\Microsoft\Windows\CurrentVersion\Component Based Servicing\</KeyNameSubString>
    <ValueNameSubString></ValueNameSubString>
    <ItemTextSubString></ItemTextSubString>
  </Item>
  <Item>
    <Type>100</Type>
    <KeyNameSubString></KeyNameSubString>
    <ValueNameSubString></ValueNameSubString>
    <ItemTextSubString>Bonjour</ItemTextSubString>
  </Item>
  <Item>
    <Type>200</Type>
    <KeyNameSubString>\Outlook\Journal</KeyNameSubString>
    <ValueNameSubString></ValueNameSubString>
    <ItemTextSubString></ItemTextSubString>
  </Item>
  <Item>
    <Type>200</Type>
    <KeyNameSubString>\Configuration\Workdir</KeyNameSubString>
    <ValueNameSubString></ValueNameSubString>
    <ItemTextSubString></ItemTextSubString>
  </Item>
  <Item>
    <Type>200</Type>
    <KeyNameSubString>\Configuration\PrivDir</KeyNameSubString>
    <ValueNameSubString></ValueNameSubString>
    <ItemTextSubString></ItemTextSubString>
  </Item>
  <Item>
    <Type>200</Type>
    <KeyNameSubString>\Software\Microsoft\Windows Live Contacts\</KeyNameSubString>
    <ValueNameSubString></ValueNameSubString>
    <ItemTextSubString></ItemTextSubString>
  </Item>
  <Item>
    <Type>200</Type>
    <KeyNameSubString>\SOFTWARE\KasperskyLab\protected\</KeyNameSubString>
    <ValueNameSubString></ValueNameSubString>
    <ItemTextSubString></ItemTextSubString>
  </Item>
  <Item>
    <Type>200</Type>
    <KeyNameSubString>\SOFTWARE\Intel\Network_Services\</KeyNameSubString>
    <ValueNameSubString></ValueNameSubString>
    <ItemTextSubString></ItemTextSubString>
  </Item>
  <Item>
    <Type>200</Type>
    <KeyNameSubString>\Control\Lsa</KeyNameSubString>
    <ValueNameSubString></ValueNameSubString>
    <ItemTextSubString></ItemTextSubString>
  </Item>
  <Item>
    <Type>200</Type>
    <KeyNameSubString>\Microsoft\Windows NT\CurrentVersion\ProfileList</KeyNameSubString>
    <ValueNameSubString></ValueNameSubString>
    <ItemTextSubString></ItemTextSubString>
  </Item>
  <Item>
    <Type>200</Type>
    <KeyNameSubString>\SYSTEM\Software\COMODO\Firewall Pro\Configurations\</KeyNameSubString>
    <ValueNameSubString></ValueNameSubString>
    <ItemTextSubString></ItemTextSubString>
  </Item>  
  <Item>
    <Type>200</Type>
    <KeyNameSubString>\Windows Search\CrawlScopeManager\Windows\</KeyNameSubString>
    <ValueNameSubString></ValueNameSubString>
    <ItemTextSubString></ItemTextSubString>
  </Item>
  <Item>
    <Type>200</Type>
    <KeyNameSubString>\Windows Search\Gather\Windows\</KeyNameSubString>
    <ValueNameSubString></ValueNameSubString>
    <ItemTextSubString></ItemTextSubString>
  </Item>
  <Item>
    <Type>200</Type>
    <KeyNameSubString>\Services\SharedAccess\Defaults\FirewallPolicy\</KeyNameSubString>
    <ValueNameSubString></ValueNameSubString>
    <ItemTextSubString></ItemTextSubString>
  </Item>
  <Item>
    <Type>200</Type>
    <KeyNameSubString>\Control\BackupRestore\FilesNotToBackup</KeyNameSubString>
    <ValueNameSubString></ValueNameSubString>
    <ItemTextSubString></ItemTextSubString>
  </Item>
  <Item>
    <Type>200</Type>
    <KeyNameSubString>\Control\CrashControl</KeyNameSubString>
    <ValueNameSubString></ValueNameSubString>
    <ItemTextSubString></ItemTextSubString>
  </Item>
  <Item>
    <Type>200</Type>
    <KeyNameSubString>\Software\Brother\</KeyNameSubString>
    <ValueNameSubString></ValueNameSubString>
    <ItemTextSubString></ItemTextSubString>
  </Item>
  <Item>
    <Type>100</Type>
    <KeyNameSubString></KeyNameSubString>
    <ValueNameSubString></ValueNameSubString>
    <ItemTextSubString>$WIN_NT$</ItemTextSubString>
  </Item>
  <Item>
    <Type>200</Type>
    <KeyNameSubString>\Watchtower\</KeyNameSubString>
    <ValueNameSubString></ValueNameSubString>
    <ItemTextSubString></ItemTextSubString>
  </Item>
  <Item>
    <Type>100</Type>
    <KeyNameSubString></KeyNameSubString>
    <ValueNameSubString></ValueNameSubString>
    <ItemTextSubString>\Common Files\ACD Systems\PlugIns2\</ItemTextSubString>
  </Item>
  <Item>
    <Type>200</Type>
    <KeyNameSubString>\CurrentVersion\App Paths\Gamma7.exe</KeyNameSubString>
    <ValueNameSubString></ValueNameSubString>
    <ItemTextSubString></ItemTextSubString>
  </Item>
  <Item>
    <Type>200</Type>
    <KeyNameSubString>HKEY_LOCAL_MACHINE\Software\Business Objects\</KeyNameSubString>
    <ValueNameSubString></ValueNameSubString>
    <ItemTextSubString></ItemTextSubString>
  </Item>
  <Item>
    <Type>200</Type>
    <KeyNameSubString>\services\AxtuDrv</KeyNameSubString>
    <ValueNameSubString></ValueNameSubString>
    <ItemTextSubString></ItemTextSubString>
  </Item>
  <Item>
    <Type>100</Type>
    <KeyNameSubString></KeyNameSubString>
    <ValueNameSubString></ValueNameSubString>
    <ItemTextSubString>\WindowsApps\</ItemTextSubString>
  </Item>
  <Item>
    <Type>200</Type>
    <KeyNameSubString>\Software\Microsoft\Office\</KeyNameSubString>
    <ValueNameSubString></ValueNameSubString>
    <ItemTextSubString></ItemTextSubString>
  </Item>
  <Item>
    <Type>100</Type>
    <KeyNameSubString></KeyNameSubString>
    <ValueNameSubString></ValueNameSubString>
    <ItemTextSubString>\Kaspersky Lab\</ItemTextSubString>
  </Item>
  <Item>
    <Type>100</Type>
    <KeyNameSubString></KeyNameSubString>
    <ValueNameSubString></ValueNameSubString>
    <ItemTextSubString>\HP\HP UT\products\HP LaserJet</ItemTextSubString>
  </Item>
  <Item>
    <Type>200</Type>
    <KeyNameSubString>\Windows Search\FileChangeClientConfigs\</KeyNameSubString>
    <ValueNameSubString></ValueNameSubString>
    <ItemTextSubString></ItemTextSubString>
  </Item>
  <Item>
    <Type>200</Type>
    <KeyNameSubString>\Infineon\TPMSoftware\</KeyNameSubString>
    <ValueNameSubString></ValueNameSubString>
    <ItemTextSubString></ItemTextSubString>
  </Item>
  <Item>
    <Type>200</Type>
    <KeyNameSubString>\eventlog\Application\IntelliType Pro</KeyNameSubString>
    <ValueNameSubString></ValueNameSubString>
    <ItemTextSubString></ItemTextSubString>
  </Item>
  <Item>
    <Type>200</Type>
    <KeyNameSubString>\services\cmdAgent</KeyNameSubString>
    <ValueNameSubString></ValueNameSubString>
    <ItemTextSubString></ItemTextSubString>
  </Item>
  <Item>
    <Type>200</Type>
    <KeyNameSubString>\services\SpiderG3</KeyNameSubString>
    <ValueNameSubString></ValueNameSubString>
    <ItemTextSubString></ItemTextSubString>
  </Item>
  <Item>
    <Type>500</Type>
    <KeyNameSubString>\services\</KeyNameSubString>
    <ValueNameSubString>StillImageFileFullPath</ValueNameSubString>
    <ItemTextSubString></ItemTextSubString>
  </Item>
  <Item>
    <Type>200</Type>
    <KeyNameSubString>\Mozilla\</KeyNameSubString>
    <ValueNameSubString></ValueNameSubString>
    <ItemTextSubString></ItemTextSubString>
  </Item>
  <Item>
    <Type>200</Type>
    <KeyNameSubString>\Software\Qualcomm\Eudora\</KeyNameSubString>
    <ValueNameSubString></ValueNameSubString>
    <ItemTextSubString></ItemTextSubString>
  </Item>
  <Item>
    <Type>200</Type>
    <KeyNameSubString>\Software\ESET\ESET Security\CurrentVersion\Plugins</KeyNameSubString>
    <ValueNameSubString></ValueNameSubString>
    <ItemTextSubString></ItemTextSubString>
  </Item>
  <Item>
    <Type>200</Type>
    <KeyNameSubString>\VSM Software\</KeyNameSubString>
    <ValueNameSubString></ValueNameSubString>
    <ItemTextSubString></ItemTextSubString>
  </Item>
  <Item>
    <Type>100</Type>
    <KeyNameSubString></KeyNameSubString>
    <ValueNameSubString></ValueNameSubString>
    <ItemTextSubString>VSMSoftware</ItemTextSubString>
  </Item>
  <Item>
    <Type>200</Type>
    <KeyNameSubString>5CDB74B3FB99C5F43A30F1F0D9CB476F</KeyNameSubString>
    <ValueNameSubString></ValueNameSubString>
    <ItemTextSubString></ItemTextSubString>
  </Item>
  <Item>
    <Type>200</Type>
    <KeyNameSubString>{3B47BDC5-99BF-4F5C-A303-1F0F9DBC74F6}</KeyNameSubString>
    <ValueNameSubString></ValueNameSubString>
    <ItemTextSubString></ItemTextSubString>
  </Item>
</Root>