<?xml version="1.0"?>
<Doc><Tweaks><Tweak><ID>{88E8A214-5A64-40AA-B458-E4CC2A7FBF61}</ID><CreationTime>132083487556653127</CreationTime><RegistryKey>HKEY_LOCAL_MACHINE\System\CurrentControlSet\Control\Session Manager\Configuration Manager</RegistryKey><RegistryValueName>EnablePeriodicBackup</RegistryValueName><RegistryValueType>4</RegistryValueType><Description>test</Description><DescriptionIsMultilanguage>0</DescriptionIsMultilanguage><DescriptionStrId>142</DescriptionStrId><OperatingSystems>8</OperatingSystems><Floating>0</Floating><FixedStates><State><ID>{B5E79046-B4FA-4CA3-98AE-DBA95E484A71}</ID><Name>%on_name%</Name><NameIsMultilanguage>0</NameIsMultilanguage><Value>1</Value><Default>0</Default></State><State><ID>{B8F2AC68-C036-4274-BE78-872A90D47944}</ID><Name>%off_name%</Name><NameIsMultilanguage>0</NameIsMultilanguage><Value>0</Value><Default>1</Default></State></FixedStates></Tweak><Tweak><ID>{A664984F-5F20-4851-A026-7B3ED3FFDF97}</ID><CreationTime>131147036294111026</CreationTime><RegistryKey>HKEY_CLASSES_ROOT\CLSID\{018D5C66-4533-4307-9B53-224DE2ED1FE6}</RegistryKey><RegistryValueName>System.IsPinnedToNameSpaceTree</RegistryValueName><RegistryValueType>4</RegistryValueType><Description>Do not show the OneDrive icon in Explorer</Description><DescriptionIsMultilanguage>0</DescriptionIsMultilanguage><DescriptionStrId>141</DescriptionStrId><OperatingSystems>8</OperatingSystems><NeedLogOff>1</NeedLogOff><Floating>0</Floating><FixedStates><State><ID>{E4F0967C-F47C-4EE1-941C-52136AC264EC}</ID><Name>%on_name%</Name><NameIsMultilanguage>0</NameIsMultilanguage><Value>0</Value><Default>0</Default></State><State><ID>{FC46F865-87CB-4D9F-9069-6263CAB3ACF9}</ID><Name>%off_name%</Name><NameIsMultilanguage>0</NameIsMultilanguage><Value>1</Value><Default>1</Default></State></FixedStates></Tweak><Tweak><ID>{D663C9CB-14BE-4B63-BA61-2885B8C7FB91}</ID><CreationTime>131147029764996733</CreationTime><RegistryKey>HKEY_LOCAL_MACHINE\Software\Microsoft\Windows\CurrentVersion\ImmersiveShell</RegistryKey><RegistryValueName>UseActionCenterExperience</RegistryValueName><RegistryValueType>4</RegistryValueType><Description>Smaller system notifications area</Description><DescriptionIsMultilanguage>0</DescriptionIsMultilanguage><DescriptionStrId>140</DescriptionStrId><OperatingSystems>8</OperatingSystems><NeedLogOff>1</NeedLogOff><Floating>0</Floating><FixedStates><State><ID>{1A11FEFD-A0D7-48AB-971D-6D9A66D0DF48}</ID><Name>%on_name%</Name><NameIsMultilanguage>0</NameIsMultilanguage><Value>0</Value><Default>0</Default></State><State><ID>{F084DC43-AB2E-4961-A4C9-CAA2096B5561}</ID><Name>%off_name%</Name><NameIsMultilanguage>0</NameIsMultilanguage><Value>1</Value><Default>1</Default></State></FixedStates></Tweak><Tweak><ID>{5DB070D0-D018-4433-9BB2-414FE15326DA}</ID><CreationTime>131057175254988446</CreationTime><RegistryKey>HKEY_CURRENT_USER\Software\Microsoft\Windows\CurrentVersion\Explorer\Advanced</RegistryKey><RegistryValueName>EnableXAMLStartMenu</RegistryValueName><RegistryValueType>4</RegistryValueType><Description>Fix the Start Menu (Enable if your Start Menu does not work under Windows 10)</Description><DescriptionIsMultilanguage>0</DescriptionIsMultilanguage><DescriptionStrId>139</DescriptionStrId><OperatingSystems>8</OperatingSystems><NeedReboot>1</NeedReboot><Floating>0</Floating><FixedStates><State><ID>{E90AB1F9-F4F3-43DB-AEDC-DC875069E7AC}</ID><Name>%on_name%</Name><NameIsMultilanguage>0</NameIsMultilanguage><Value>0</Value><Default>0</Default></State><State><ID>{1FBD3A26-16F4-4B69-94C9-7AB2B2A4AC87}</ID><Name>%off_name%</Name><NameIsMultilanguage>0</NameIsMultilanguage><Value>1</Value><Default>1</Default></State></FixedStates></Tweak><Tweak><ID>{8B094E55-ADE6-4053-8005-6A07CC62B729}</ID><CreationTime>130824819861499836</CreationTime><RegistryKey>HKEY_LOCAL_MACHINE\SOFTWARE\Policies\Microsoft\Windows\DWM</RegistryKey><RegistryValueName>DisallowFlip3d</RegistryValueName><RegistryValueType>4</RegistryValueType><Description>Disable Flip 3D (switching between the windows with Win + Tab)</Description><DescriptionIsMultilanguage>0</DescriptionIsMultilanguage><DescriptionStrId>61</DescriptionStrId><OperatingSystems>14</OperatingSystems><NeedLogOff>1</NeedLogOff><Floating>0</Floating><FixedStates><State><ID>{8115FCA3-C480-44F3-B99B-6E34D08C2166}</ID><Name>%on_name%</Name><NameIsMultilanguage>0</NameIsMultilanguage><Value>1</Value><Default>0</Default></State><State><ID>{B4882A1C-B9A9-48EB-B3C0-C540DC1A7516}</ID><Name>%off_name%</Name><NameIsMultilanguage>0</NameIsMultilanguage><Value>0</Value><Default>1</Default></State></FixedStates></Tweak><Tweak><ID>{8439069D-31BD-4DCC-8D3C-78049E6E900C}</ID><CreationTime>130824740115119603</CreationTime><RegistryKey>HKEY_CURRENT_USER\Software\Policies\Microsoft\Windows\Explorer</RegistryKey><RegistryValueName>DisableNotificationCenter</RegistryValueName><RegistryValueType>4</RegistryValueType><Description>Disable the Notifications Center (Windows 10)</Description><DescriptionIsMultilanguage>0</DescriptionIsMultilanguage><DescriptionStrId>58</DescriptionStrId><OperatingSystems>8</OperatingSystems><NeedLogOff>1</NeedLogOff><Floating>0</Floating><FixedStates><State><ID>{699D3C4D-64D7-4EB2-AFB0-6E574468F643}</ID><Name>%on_name%</Name><NameIsMultilanguage>0</NameIsMultilanguage><Value>1</Value><Default>0</Default></State><State><ID>{7261FA6F-F550-4147-9879-95655C240A0E}</ID><Name>%off_name%</Name><NameIsMultilanguage>0</NameIsMultilanguage><Value>0</Value><Default>1</Default></State></FixedStates></Tweak><Tweak><ID>{2908F8A1-1D50-4418-8612-32DC911B0BB2}</ID><CreationTime>130824736880145578</CreationTime><RegistryKey>HKEY_LOCAL_MACHINE\SOFTWARE\Microsoft\Windows\CurrentVersion\ImmersiveShell</RegistryKey><RegistryValueName>UseActionCenterExperience</RegistryValueName><RegistryValueType>4</RegistryValueType><Description>Simplified Notifications Center (Windows 10)</Description><DescriptionIsMultilanguage>0</DescriptionIsMultilanguage><DescriptionStrId>59</DescriptionStrId><OperatingSystems>8</OperatingSystems><NeedLogOff>1</NeedLogOff><Floating>0</Floating><FixedStates><State><ID>{6228D42F-34AD-4ADE-948E-F3F900E8C07E}</ID><Name>%on_name%</Name><NameIsMultilanguage>0</NameIsMultilanguage><Value>0</Value><Default>0</Default></State><State><ID>{56511BE9-7EB5-49D7-AFFF-BB772E0230A3}</ID><Name>%off_name%</Name><NameIsMultilanguage>0</NameIsMultilanguage><Value>1</Value><Default>1</Default></State></FixedStates></Tweak><Tweak><ID>{59F33367-55A4-421C-99E6-109E69965907}</ID><CreationTime>130824714098898970</CreationTime><RegistryKey>HKEY_LOCAL_MACHINE\SOFTWARE\Microsoft\Windows\CurrentVersion\ImmersiveShell</RegistryKey><RegistryValueName>UseWin32TrayClockExperience</RegistryValueName><RegistryValueType>4</RegistryValueType><Description>Old-style Calendar, as in the systems prior to Windows 10</Description><DescriptionIsMultilanguage>0</DescriptionIsMultilanguage><DescriptionStrId>60</DescriptionStrId><OperatingSystems>8</OperatingSystems><Floating>0</Floating><FixedStates><State><ID>{7ACBED61-9E2C-4239-8779-3F1530095EB8}</ID><Name>%on_name%</Name><NameIsMultilanguage>0</NameIsMultilanguage><Value>1</Value><Default>0</Default></State><State><ID>{F37F3B8E-67FE-4B45-96EF-B4F2D62F0C2D}</ID><Name>%off_name%</Name><NameIsMultilanguage>0</NameIsMultilanguage><Value>0</Value><Default>1</Default></State></FixedStates></Tweak><Tweak><ID>{EE4F6245-0C9B-422B-9111-A7BC431B8AED}</ID><CreationTime>130449662075024026</CreationTime><RegistryKey>HKEY_LOCAL_MACHINE\Software\Microsoft\Windows\CurrentVersion\Explorer\Advanced\DelayedApps</RegistryKey><RegistryValueName>Delay_Sec</RegistryValueName><RegistryValueType>4</RegistryValueType><Description>Assign startup applications a reduced priority after the system load during</Description><DescriptionIsMultilanguage>0</DescriptionIsMultilanguage><DescriptionStrId>62</DescriptionStrId><OperatingSystems>14</OperatingSystems><Floating>1</Floating><FloatingState><ValueTemplate>&lt;English&gt;%state% sec&lt;/English&gt;&lt;Russian&gt;%state% сек&lt;/Russian&gt;&lt;French&gt;%state% sec&lt;/French&gt;</ValueTemplate><ValueTemplateIsMultilanguage>1</ValueTemplateIsMultilanguage><DefaultValue>0</DefaultValue><DefaultValueIsMultilanguage>0</DefaultValueIsMultilanguage><Limited>1</Limited><MinValue>0</MinValue><MaxValue>600</MaxValue></FloatingState></Tweak><Tweak><ID>{61FC5504-AB42-465F-862E-54EED76BA45B}</ID><CreationTime>130449510745487382</CreationTime><RegistryKey>HKEY_CURRENT_USER\Software\Microsoft\Windows\CurrentVersion\ImmersiveShell\Launcher</RegistryKey><RegistryValueName>Launcher_ShowPowerButtonOnStartScreen</RegistryValueName><RegistryValueType>4</RegistryValueType><Description>Disable the shutdown button on the Start Screen (Windows 8.1 Update 1 only)</Description><DescriptionIsMultilanguage>0</DescriptionIsMultilanguage><DescriptionStrId>63</DescriptionStrId><OperatingSystems>8</OperatingSystems><NeedLogOff>1</NeedLogOff><Floating>0</Floating><FixedStates><State><ID>{9D7A3426-F615-443C-B1CF-364B6568870F}</ID><Name>%on_name%</Name><NameIsMultilanguage>0</NameIsMultilanguage><Value>0</Value><Default>0</Default></State><State><ID>{2DB469C7-587D-4D64-A268-E886DBB08F46}</ID><Name>%off_name%</Name><NameIsMultilanguage>0</NameIsMultilanguage><Value>1</Value><Default>1</Default></State></FixedStates></Tweak><Tweak><ID>{2205EF19-36BE-4391-9205-16F4C90A201C}</ID><CreationTime>129977986078147354</CreationTime><RegistryKey>HKEY_CURRENT_USER\Software\Microsoft\Windows\CurrentVersion\Explorer\HideDesktopIcons\NewStartPanel</RegistryKey><RegistryValueName>{645FF040-5081-101B-9F08-00AA002F954E}</RegistryValueName><RegistryValueType>4</RegistryValueType><Description>Hide Recycle Bin from Desktop</Description><DescriptionIsMultilanguage>0</DescriptionIsMultilanguage><DescriptionStrId>64</DescriptionStrId><OperatingSystems>15</OperatingSystems><NeedLogOff>1</NeedLogOff><Floating>0</Floating><FixedStates><State><ID>{4BA10DCB-8288-4AA0-8A5E-4A76CA3B9D29}</ID><Name>%on_name%</Name><NameIsMultilanguage>0</NameIsMultilanguage><Value>1</Value><Default>0</Default></State><State><ID>{C6C1F46F-E838-4145-82A4-721D55843219}</ID><Name>%off_name%</Name><NameIsMultilanguage>0</NameIsMultilanguage><Value>0</Value><Default>1</Default></State></FixedStates></Tweak><Tweak><ID>{1E83EA20-B14C-41F5-B533-5D301D67E501}</ID><CreationTime>129958176013234459</CreationTime><RegistryKey>HKEY_CURRENT_USER\Software\Microsoft\Windows\CurrentVersion\Explorer\Advanced</RegistryKey><RegistryValueName>SeparateProcess</RegistryValueName><RegistryValueType>4</RegistryValueType><Description>Use several instances of Explorer (explorer.exe). It makes the system more stable, but requires additional memory</Description><DescriptionIsMultilanguage>0</DescriptionIsMultilanguage><DescriptionStrId>65</DescriptionStrId><OperatingSystems>14</OperatingSystems><NeedLogOff>1</NeedLogOff><Floating>0</Floating><FixedStates><State><ID>{43DA74DB-F515-43DE-AD7E-0767FD004D22}</ID><Name>%on_name%</Name><NameIsMultilanguage>0</NameIsMultilanguage><Value>1</Value><Default>0</Default></State><State><ID>{BEAA6BA5-5324-4E7C-9DAE-0DDC82B6DE79}</ID><Name>%off_name%</Name><NameIsMultilanguage>0</NameIsMultilanguage><Value>0</Value><Default>1</Default></State></FixedStates></Tweak><Tweak><ID>{039AE4A9-3DF2-4C74-9A5D-2FD2C8D4B659}</ID><CreationTime>129958176013234458</CreationTime><RegistryKey>HKEY_CURRENT_USER\Software\Microsoft\Windows\CurrentVersion\Policies\Explorer</RegistryKey><RegistryValueName>NoResolveTrack</RegistryValueName><RegistryValueType>4</RegistryValueType><Description>Do not use the tracking-based method on NTFS when resolving shell shortcuts</Description><DescriptionIsMultilanguage>0</DescriptionIsMultilanguage><DescriptionStrId>66</DescriptionStrId><OperatingSystems>6</OperatingSystems><NeedReboot>1</NeedReboot><Floating>0</Floating><FixedStates><State><ID>{6026DA3C-4C8A-41FB-A957-85DF5C848137}</ID><Name>%on_name%</Name><NameIsMultilanguage>0</NameIsMultilanguage><Value>1</Value><Default>0</Default></State><State><ID>{523F8BAB-3585-484F-8685-A223129BE0FB}</ID><Name>%off_name%</Name><NameIsMultilanguage>0</NameIsMultilanguage><Value>0</Value><Default>0</Default></State></FixedStates></Tweak><Tweak><ID>{0EDBAC73-28F4-471E-A748-AD569FD44825}</ID><CreationTime>129958176013219456</CreationTime><RegistryKey>HKEY_CURRENT_USER\Control Panel\Desktop</RegistryKey><RegistryValueName>HungAppTimeout</RegistryValueName><RegistryValueType>1</RegistryValueType><Description>Time after which the application, that is not responding, is closed after choosing to close it</Description><DescriptionIsMultilanguage>0</DescriptionIsMultilanguage><DescriptionStrId>67</DescriptionStrId><OperatingSystems>15</OperatingSystems><NeedReboot>1</NeedReboot><Floating>1</Floating><FloatingState><ValueTemplate>&lt;English&gt;%state% ms&lt;/English&gt;&lt;Russian&gt;%state% мс&lt;/Russian&gt;&lt;French&gt;%state% ms&lt;/French&gt;</ValueTemplate><ValueTemplateIsMultilanguage>1</ValueTemplateIsMultilanguage><DefaultValue>5000</DefaultValue><DefaultValueIsMultilanguage>0</DefaultValueIsMultilanguage><Limited>1</Limited><MinValue>0</MinValue><MaxValue></MaxValue></FloatingState></Tweak><Tweak><ID>{117F5BF2-FA0E-4FFF-9FCB-93EC557096BB}</ID><CreationTime>129958176013209455</CreationTime><RegistryKey>HKEY_CURRENT_USER\Software\Microsoft\Windows\CurrentVersion\Policies\Explorer</RegistryKey><RegistryValueName>NoLowDiskSpaceChecks</RegistryValueName><RegistryValueType>4</RegistryValueType><Description>Disable low disk space notification</Description><DescriptionIsMultilanguage>0</DescriptionIsMultilanguage><DescriptionStrId>68</DescriptionStrId><OperatingSystems>1</OperatingSystems><NeedReboot>1</NeedReboot><Floating>0</Floating><FixedStates><State><ID>{F0A0F846-578E-4801-AA35-B957A38394D8}</ID><Name>%on_name%</Name><NameIsMultilanguage>0</NameIsMultilanguage><Value>1</Value><Default>0</Default></State><State><ID>{4DB89B38-800D-4C1B-AD1B-8170AD741A63}</ID><Name>%off_name%</Name><NameIsMultilanguage>0</NameIsMultilanguage><Value>0</Value><Default>1</Default></State></FixedStates></Tweak><Tweak><ID>{14F1FB2B-E597-4029-8DAA-C55955A0E26D}</ID><CreationTime>129958176013209456</CreationTime><RegistryKey>HKEY_LOCAL_MACHINE\SOFTWARE\Microsoft\Windows\CurrentVersion\Policies\System</RegistryKey><RegistryValueName>DisableStartupSound</RegistryValueName><RegistryValueType>4</RegistryValueType><Description>Do not play sound at Windows startup</Description><DescriptionIsMultilanguage>0</DescriptionIsMultilanguage><DescriptionStrId>69</DescriptionStrId><OperatingSystems>14</OperatingSystems><NeedReboot>1</NeedReboot><Floating>0</Floating><FixedStates><State><ID>{C640A49F-770F-4B14-90D7-8FFABC5ACA4F}</ID><Name>%on_name%</Name><NameIsMultilanguage>0</NameIsMultilanguage><Value>1</Value><Default>0</Default></State><State><ID>{CD28C6AB-3984-4AEE-8B92-97FD1C575A1E}</ID><Name>%off_name%</Name><NameIsMultilanguage>0</NameIsMultilanguage><Value>0</Value><Default>1</Default></State></FixedStates></Tweak><Tweak><ID>{1E3CD0ED-45DE-4974-A27E-FBC27F82D97B}</ID><CreationTime>129958176013194454</CreationTime><RegistryKey>HKEY_CURRENT_USER\Software\Microsoft\Windows\DWM</RegistryKey><RegistryValueName>ColorizationOpaqueBlend</RegistryValueName><RegistryValueType>4</RegistryValueType><Description>Disable the windows’ edges transparency</Description><DescriptionIsMultilanguage>0</DescriptionIsMultilanguage><DescriptionStrId>70</DescriptionStrId><OperatingSystems>4</OperatingSystems><NeedLogOff>1</NeedLogOff><Floating>0</Floating><FixedStates><State><ID>{831681C6-87BC-469B-8902-7C7B02361151}</ID><Name>%on_name%</Name><NameIsMultilanguage>0</NameIsMultilanguage><Value>1</Value><Default>0</Default></State><State><ID>{B817E4C3-4384-458A-9CAC-CB9DCB0B23B1}</ID><Name>%off_name%</Name><NameIsMultilanguage>0</NameIsMultilanguage><Value>0</Value><Default>1</Default></State></FixedStates></Tweak><Tweak><ID>{1E7E221C-13EF-4702-B1F3-E2D83CD611FF}</ID><CreationTime>129958176013194453</CreationTime><RegistryKey>HKEY_LOCAL_MACHINE\SOFTWARE\Microsoft\Windows\CurrentVersion\Policies\Explorer</RegistryKey><RegistryValueName>NoInternetOpenWith</RegistryValueName><RegistryValueType>4</RegistryValueType><Description>When opening a file in an unrecognized format in Windows Explorer, do not offer to search for the information about the associated application in the Internet</Description><DescriptionIsMultilanguage>0</DescriptionIsMultilanguage><DescriptionStrId>71</DescriptionStrId><OperatingSystems>7</OperatingSystems><Floating>0</Floating><FixedStates><State><ID>{41FB6478-3A5A-49E8-8B48-3396579DF337}</ID><Name>%on_name%</Name><NameIsMultilanguage>0</NameIsMultilanguage><Value>1</Value><Default>0</Default></State><State><ID>{6D85C58E-7E0E-4A4B-AAE8-2C2D7F9CFBF7}</ID><Name>%off_name%</Name><NameIsMultilanguage>0</NameIsMultilanguage><Value>0</Value><Default>1</Default></State></FixedStates></Tweak><Tweak><ID>{20E3A5C7-75EB-4999-975A-74ED9430BB3C}</ID><CreationTime>129958176013184452</CreationTime><RegistryKey>HKEY_CURRENT_USER\Software\Microsoft\Windows\CurrentVersion\Policies\Explorer</RegistryKey><RegistryValueName>NoWindowsUpdate</RegistryValueName><RegistryValueType>4</RegistryValueType><Description>Hide Windows Update from the Start Menu</Description><DescriptionIsMultilanguage>0</DescriptionIsMultilanguage><DescriptionStrId>72</DescriptionStrId><OperatingSystems>1</OperatingSystems><NeedLogOff>1</NeedLogOff><Floating>0</Floating><FixedStates><State><ID>{9FCE9AB6-0C81-40E6-A7B0-118EC4B39391}</ID><Name>%on_name%</Name><NameIsMultilanguage>0</NameIsMultilanguage><Value>1</Value><Default>0</Default></State><State><ID>{C52D1959-8AA7-414B-A67F-D77EE4A3E435}</ID><Name>%off_name%</Name><NameIsMultilanguage>0</NameIsMultilanguage><Value>0</Value><Default>1</Default></State></FixedStates></Tweak><Tweak><ID>{2C9C8A69-8006-4D9E-BE47-FCFAC2806EE6}</ID><CreationTime>129958176013184451</CreationTime><RegistryKey>HKEY_CURRENT_USER\Software\Microsoft\Windows\CurrentVersion\Policies\Explorer</RegistryKey><RegistryValueName>NoRecentDocsMenu</RegistryValueName><RegistryValueType>4</RegistryValueType><Description>Do not save shortcuts to most recently used documents in the Start menu</Description><DescriptionIsMultilanguage>0</DescriptionIsMultilanguage><DescriptionStrId>73</DescriptionStrId><OperatingSystems>3</OperatingSystems><Floating>0</Floating><FixedStates><State><ID>{9CAB2ABC-7FD3-4653-A348-83952F6EE14B}</ID><Name>%on_name%</Name><NameIsMultilanguage>0</NameIsMultilanguage><Value>1</Value><Default>0</Default></State><State><ID>{6697753C-E7E4-42D5-90FB-35C4FBAD2223}</ID><Name>%off_name%</Name><NameIsMultilanguage>0</NameIsMultilanguage><Value>0</Value><Default>1</Default></State></FixedStates></Tweak><Tweak><ID>{310728C4-FC24-4DCA-8CD1-2C94963A9870}</ID><CreationTime>129958176013179452</CreationTime><RegistryKey>HKEY_LOCAL_MACHINE\SOFTWARE\Microsoft\Windows NT\CurrentVersion\SystemRestore</RegistryKey><RegistryValueName>DisableSR</RegistryValueName><RegistryValueType>4</RegistryValueType><Description>Disable the System Restore feature</Description><DescriptionIsMultilanguage>0</DescriptionIsMultilanguage><DescriptionStrId>74</DescriptionStrId><OperatingSystems>1</OperatingSystems><NeedReboot>1</NeedReboot><Floating>0</Floating><FixedStates><State><ID>{FA194D48-7492-45B7-BFD8-7DFCA5CA6F4E}</ID><Name>%on_name%</Name><NameIsMultilanguage>0</NameIsMultilanguage><Value>1</Value><Default>0</Default></State><State><ID>{2C1A3FEF-74B0-44B0-A7E4-FDE6BE1E1C39}</ID><Name>%off_name%</Name><NameIsMultilanguage>0</NameIsMultilanguage><Value>0</Value><Default>1</Default></State></FixedStates></Tweak><Tweak><ID>{15502444-E4BD-49A7-9E50-B8259A2C7301}</ID><CreationTime>129958176013179451</CreationTime><RegistryKey>HKEY_CURRENT_USER\Software\Microsoft\Windows\CurrentVersion\Internet Settings</RegistryKey><RegistryValueName>MaxConnectionsPerServer</RegistryValueName><RegistryValueType>4</RegistryValueType><Description>Maximum number of HTTP 1.1 connections in Internet Explorer 7</Description><DescriptionIsMultilanguage>0</DescriptionIsMultilanguage><DescriptionStrId>75</DescriptionStrId><OperatingSystems>14</OperatingSystems><NeedReboot>1</NeedReboot><Floating>1</Floating><FloatingState><ValueTemplate>%state%</ValueTemplate><ValueTemplateIsMultilanguage>0</ValueTemplateIsMultilanguage><DefaultValue></DefaultValue><DefaultValueIsMultilanguage>0</DefaultValueIsMultilanguage><Limited>1</Limited><MinValue>0</MinValue><MaxValue></MaxValue></FloatingState></Tweak><Tweak><ID>{3124410D-79C0-4AEC-B67F-F16F3BD074A8}</ID><CreationTime>129958176013174450</CreationTime><RegistryKey>HKEY_CURRENT_USER\Software\Microsoft\Windows\CurrentVersion\Internet Settings</RegistryKey><RegistryValueName>MaxConnectionsPer1_0Server</RegistryValueName><RegistryValueType>4</RegistryValueType><Description>Maximum number of HTTP 1.0 connections in Internet Explorer 7</Description><DescriptionIsMultilanguage>0</DescriptionIsMultilanguage><DescriptionStrId>76</DescriptionStrId><OperatingSystems>14</OperatingSystems><NeedReboot>1</NeedReboot><Floating>1</Floating><FloatingState><ValueTemplate>%state%</ValueTemplate><ValueTemplateIsMultilanguage>0</ValueTemplateIsMultilanguage><DefaultValue></DefaultValue><DefaultValueIsMultilanguage>0</DefaultValueIsMultilanguage><Limited>1</Limited><MinValue>0</MinValue><MaxValue></MaxValue></FloatingState></Tweak><Tweak><ID>{4F0DC5CF-20C2-41E3-A106-2DECE072D431}</ID><CreationTime>129958176013164449</CreationTime><RegistryKey>HKEY_LOCAL_MACHINE\SOFTWARE\Microsoft\Internet Explorer\MAIN\FeatureControl\FEATURE_MAXCONNECTIONSPERSERVER</RegistryKey><RegistryValueName>iexplore.exe</RegistryValueName><RegistryValueType>4</RegistryValueType><Description>Maximum number of HTTP 1.1 connections in Internet Explorer 8</Description><DescriptionIsMultilanguage>0</DescriptionIsMultilanguage><DescriptionStrId>77</DescriptionStrId><OperatingSystems>14</OperatingSystems><NeedReboot>1</NeedReboot><Floating>1</Floating><FloatingState><ValueTemplate>%state%</ValueTemplate><ValueTemplateIsMultilanguage>0</ValueTemplateIsMultilanguage><DefaultValue>2</DefaultValue><DefaultValueIsMultilanguage>0</DefaultValueIsMultilanguage><Limited>1</Limited><MinValue>0</MinValue><MaxValue></MaxValue></FloatingState></Tweak><Tweak><ID>{F05DCFE9-10F7-46FB-8562-4AAD794B8641}</ID><CreationTime>129958176013149447</CreationTime><RegistryKey>HKEY_LOCAL_MACHINE\SOFTWARE\Microsoft\Internet Explorer\MAIN\FeatureControl\FEATURE_MAXCONNECTIONSPER1_0SERVER</RegistryKey><RegistryValueName>iexplore.exe</RegistryValueName><RegistryValueType>4</RegistryValueType><Description>Maximum number of HTTP 1.0 connections in Internet Explorer 8</Description><DescriptionIsMultilanguage>0</DescriptionIsMultilanguage><DescriptionStrId>78</DescriptionStrId><OperatingSystems>14</OperatingSystems><NeedReboot>1</NeedReboot><Floating>1</Floating><FloatingState><ValueTemplate>%state%</ValueTemplate><ValueTemplateIsMultilanguage>0</ValueTemplateIsMultilanguage><DefaultValue>4</DefaultValue><DefaultValueIsMultilanguage>0</DefaultValueIsMultilanguage><Limited>1</Limited><MinValue>0</MinValue><MaxValue></MaxValue></FloatingState></Tweak><Tweak><ID>{32D05BD4-C16A-44A2-B3E3-32609D60158C}</ID><CreationTime>129958176013144447</CreationTime><RegistryKey>HKEY_CURRENT_USER\Control Panel\Desktop</RegistryKey><RegistryValueName>MenuShowDelay</RegistryValueName><RegistryValueType>1</RegistryValueType><Description>Delay from the time the cursor is pointed at a Start menu item</Description><DescriptionIsMultilanguage>0</DescriptionIsMultilanguage><DescriptionStrId>79</DescriptionStrId><OperatingSystems>1</OperatingSystems><NeedLogOff>1</NeedLogOff><Floating>1</Floating><FloatingState><ValueTemplate>%state% ms</ValueTemplate><ValueTemplateIsMultilanguage>0</ValueTemplateIsMultilanguage><DefaultValue>400</DefaultValue><DefaultValueIsMultilanguage>0</DefaultValueIsMultilanguage><Limited>1</Limited><MinValue>0</MinValue><MaxValue></MaxValue></FloatingState></Tweak><Tweak><ID>{36C0BF36-9EFC-4EE8-8E8D-1A55913EEBAA}</ID><CreationTime>129958176013144446</CreationTime><RegistryKey>HKEY_CURRENT_USER\Software\Microsoft\MediaPlayer\Player\Settings</RegistryKey><RegistryValueName>EnableDVDUI</RegistryValueName><RegistryValueType>1</RegistryValueType><Description>Enable DVD features in Windows Media Player</Description><DescriptionIsMultilanguage>0</DescriptionIsMultilanguage><DescriptionStrId>80</DescriptionStrId><OperatingSystems>1</OperatingSystems><NeedLogOff>1</NeedLogOff><Floating>0</Floating><FixedStates><State><ID>{D9AEF3FF-EB87-4AD5-9F54-099699BA4D47}</ID><Name>%on_name%</Name><NameIsMultilanguage>0</NameIsMultilanguage><Value>yes</Value><Default>0</Default></State><State><ID>{D996DA03-8F80-407B-99CD-52743978F641}</ID><Name>%off_name%</Name><NameIsMultilanguage>0</NameIsMultilanguage><Value></Value><Default>0</Default></State></FixedStates></Tweak><Tweak><ID>{3923C504-20E9-4560-938B-2826500F88E7}</ID><CreationTime>129958176013139447</CreationTime><RegistryKey>HKEY_LOCAL_MACHINE\SOFTWARE\Microsoft\Windows NT\CurrentVersion\AeDebug</RegistryKey><RegistryValueName>Auto</RegistryValueName><RegistryValueType>1</RegistryValueType><Description>Enable Dr. Watson, built-in Windows debugger</Description><DescriptionIsMultilanguage>0</DescriptionIsMultilanguage><DescriptionStrId>81</DescriptionStrId><OperatingSystems>1</OperatingSystems><NeedReboot>1</NeedReboot><Floating>0</Floating><FixedStates><State><ID>{A98DE49C-6C60-4382-980C-91DAEED7A33D}</ID><Name>%on_name%</Name><NameIsMultilanguage>0</NameIsMultilanguage><Value>1</Value><Default>0</Default></State><State><ID>{E21D08B2-9F70-49C0-9995-41852954B90D}</ID><Name>%off_name%</Name><NameIsMultilanguage>0</NameIsMultilanguage><Value>0</Value><Default>1</Default></State></FixedStates></Tweak><Tweak><ID>{39DA0A38-AD58-4A77-BB7C-216128F69BF1}</ID><CreationTime>129958176013139446</CreationTime><RegistryKey>HKEY_CURRENT_USER\Software\Microsoft\Windows\CurrentVersion\Explorer\Advanced</RegistryKey><RegistryValueName>DisableThumbnailCache</RegistryValueName><RegistryValueType>4</RegistryValueType><Description>Stop Explorer from caching thumbnail pictures (Thumbs.db) and instead refresh any images every time a folder is opened</Description><DescriptionIsMultilanguage>0</DescriptionIsMultilanguage><DescriptionStrId>82</DescriptionStrId><OperatingSystems>1</OperatingSystems><NeedLogOff>1</NeedLogOff><Floating>0</Floating><FixedStates><State><ID>{57FC9A99-634C-4E30-8A01-B5BDA334866A}</ID><Name>%on_name%</Name><NameIsMultilanguage>0</NameIsMultilanguage><Value>1</Value><Default>0</Default></State><State><ID>{0665F7E2-47FE-48B0-85C1-0740EA07E567}</ID><Name>%off_name%</Name><NameIsMultilanguage>0</NameIsMultilanguage><Value>0</Value><Default>1</Default></State></FixedStates></Tweak><Tweak><ID>{3E16D5B4-F0A2-4714-BAB3-7EEADD0BE6F4}</ID><CreationTime>129958176013129445</CreationTime><RegistryKey>HKEY_CURRENT_USER\Control Panel\Desktop</RegistryKey><RegistryValueName>CoolSwitchColumns</RegistryValueName><RegistryValueType>1</RegistryValueType><Description>Number of columns when pressing Alt + Tab</Description><DescriptionIsMultilanguage>0</DescriptionIsMultilanguage><DescriptionStrId>83</DescriptionStrId><OperatingSystems>1</OperatingSystems><NeedLogOff>1</NeedLogOff><Floating>1</Floating><FloatingState><ValueTemplate>%state%</ValueTemplate><ValueTemplateIsMultilanguage>0</ValueTemplateIsMultilanguage><DefaultValue>7</DefaultValue><DefaultValueIsMultilanguage>0</DefaultValueIsMultilanguage><Limited>0</Limited></FloatingState></Tweak><Tweak><ID>{3FA7C374-8402-4092-947E-4952BC4252D0}</ID><CreationTime>129958176013129444</CreationTime><RegistryKey>HKEY_LOCAL_MACHINE\SYSTEM\CurrentControlSet\Control\FileSystem</RegistryKey><RegistryValueName>ClearPageFileAtShutdown</RegistryValueName><RegistryValueType>4</RegistryValueType><Description>Clear system page file (virtual memory) at shutdown</Description><DescriptionIsMultilanguage>0</DescriptionIsMultilanguage><DescriptionStrId>84</DescriptionStrId><OperatingSystems>1</OperatingSystems><NeedReboot>1</NeedReboot><Floating>0</Floating><FixedStates><State><ID>{811BACC1-AA33-4B0A-8F3B-3B70E21BC413}</ID><Name>%on_name%</Name><NameIsMultilanguage>0</NameIsMultilanguage><Value>1</Value><Default>0</Default></State><State><ID>{ACA8B0FA-5133-4928-9EB8-B63153AC6986}</ID><Name>%off_name%</Name><NameIsMultilanguage>0</NameIsMultilanguage><Value>0</Value><Default>1</Default></State></FixedStates></Tweak><Tweak><ID>{4600B006-0D06-42AF-B4BC-DD298DC3749A}</ID><CreationTime>129958176013119443</CreationTime><RegistryKey>HKEY_CURRENT_USER\Control Panel\Keyboard</RegistryKey><RegistryValueName>InitialKeyboardIndicators</RegistryValueName><RegistryValueType>1</RegistryValueType><Description>Enable the NumLock key when the system starts</Description><DescriptionIsMultilanguage>0</DescriptionIsMultilanguage><DescriptionStrId>85</DescriptionStrId><OperatingSystems>1</OperatingSystems><Floating>0</Floating><FixedStates><State><ID>{47C93C65-C7AA-4319-989C-2FDAE027ABA1}</ID><Name>%on_name%</Name><NameIsMultilanguage>0</NameIsMultilanguage><Value>2</Value><Default>0</Default></State><State><ID>{DAEDB706-DAA5-40F1-B957-204DF0440940}</ID><Name>%off_name%</Name><NameIsMultilanguage>0</NameIsMultilanguage><Value>0</Value><Default>1</Default></State></FixedStates></Tweak><Tweak><ID>{47B5AD96-EB2B-47EE-A750-3B6A44D8A27B}</ID><CreationTime>129958176013119444</CreationTime><RegistryKey>HKEY_CLASSES_ROOT\Folder\shellex\ContextMenuHandlers\Copyto</RegistryKey><RegistryValueName></RegistryValueName><RegistryValueType>1</RegistryValueType><Description>For the folders: Add the 'Copy to Folder...' command to the Windows Explorer context menu</Description><DescriptionIsMultilanguage>0</DescriptionIsMultilanguage><DescriptionStrId>86</DescriptionStrId><OperatingSystems>15</OperatingSystems><Floating>0</Floating><FixedStates><State><ID>{62A5E7B0-402F-4711-98FD-A6D01A8470B9}</ID><Name>%on_name%</Name><NameIsMultilanguage>0</NameIsMultilanguage><Value>{C2FBB630-2971-11d1-A18C-00C04FD75D13}</Value><Default>0</Default></State><State><ID>{D0FECF2A-D087-4309-BF2D-8248DB6CF057}</ID><Name>%off_name%</Name><NameIsMultilanguage>0</NameIsMultilanguage><Value></Value><Default>1</Default></State></FixedStates></Tweak><Tweak><ID>{4BBD7F1A-7C3C-4787-BDC6-9CCD963731D7}</ID><CreationTime>129958176013119443</CreationTime><RegistryKey>HKEY_CLASSES_ROOT\*\shellex\ContextMenuHandlers\Moveto</RegistryKey><RegistryValueName></RegistryValueName><RegistryValueType>1</RegistryValueType><Description>For the files: Add the 'Move to Folder...' command to the Windows Explorer context menu</Description><DescriptionIsMultilanguage>0</DescriptionIsMultilanguage><DescriptionStrId>87</DescriptionStrId><OperatingSystems>15</OperatingSystems><Floating>0</Floating><FixedStates><State><ID>{EFBADFE1-814E-45B8-9E6E-806035058069}</ID><Name>%on_name%</Name><NameIsMultilanguage>0</NameIsMultilanguage><Value>{C2FBB631-2971-11d1-A18C-00C04FD75D13}</Value><Default>0</Default></State><State><ID>{63BABA9D-C244-4D3D-A674-D30022D24DA0}</ID><Name>%off_name%</Name><NameIsMultilanguage>0</NameIsMultilanguage><Value></Value><Default>1</Default></State></FixedStates></Tweak><Tweak><ID>{56D95D36-BD97-44CD-8B3B-6616326EAE65}</ID><CreationTime>129958176013114442</CreationTime><RegistryKey>HKEY_CURRENT_USER\Software\Microsoft\Windows\DWM</RegistryKey><RegistryValueName>AnimationsShiftKey</RegistryValueName><RegistryValueType>4</RegistryValueType><Description>Slow motion animation on reverse windows switching (Win + Shift + Tab)</Description><DescriptionIsMultilanguage>0</DescriptionIsMultilanguage><DescriptionStrId>88</DescriptionStrId><OperatingSystems>14</OperatingSystems><NeedLogOff>1</NeedLogOff><Floating>0</Floating><FixedStates><State><ID>{27C9BA19-71F9-4F86-A4AC-827FF1BEFE2B}</ID><Name>%on_name%</Name><NameIsMultilanguage>0</NameIsMultilanguage><Value>1</Value><Default>0</Default></State><State><ID>{4A98FE4A-5730-4412-81FE-9D7DBE8DFD75}</ID><Name>%off_name%</Name><NameIsMultilanguage>0</NameIsMultilanguage><Value>0</Value><Default>1</Default></State></FixedStates></Tweak><Tweak><ID>{5CD75116-7C86-4D18-939A-89A4C60FED6C}</ID><CreationTime>129958176013104442</CreationTime><RegistryKey>HKEY_CURRENT_USER\Software\Microsoft\Windows\CurrentVersion\Explorer\Advanced</RegistryKey><RegistryValueName>TaskbarSmallIcons</RegistryValueName><RegistryValueType>4</RegistryValueType><Description>Small taskbar icons</Description><DescriptionIsMultilanguage>0</DescriptionIsMultilanguage><DescriptionStrId>89</DescriptionStrId><OperatingSystems>14</OperatingSystems><NeedLogOff>1</NeedLogOff><Floating>0</Floating><FixedStates><State><ID>{D38C0668-7301-4BA7-B7CF-3F6A124CDC39}</ID><Name>%on_name%</Name><NameIsMultilanguage>0</NameIsMultilanguage><Value>1</Value><Default>0</Default></State><State><ID>{92E724F7-2627-40A5-A427-86283A591B19}</ID><Name>%off_name%</Name><NameIsMultilanguage>0</NameIsMultilanguage><Value>0</Value><Default>1</Default></State></FixedStates></Tweak><Tweak><ID>{61ECA041-BEF1-4DBC-8F16-478A039CF1C1}</ID><CreationTime>129958176013104441</CreationTime><RegistryKey>HKEY_LOCAL_MACHINE\SYSTEM\CurrentControlSet\Control\Session Manager\Memory Management</RegistryKey><RegistryValueName>DisablePagingExecutive</RegistryValueName><RegistryValueType>4</RegistryValueType><Description>Do not use paging file for user-mode and kernel-mode drivers and kernel-mode system code</Description><DescriptionIsMultilanguage>0</DescriptionIsMultilanguage><DescriptionStrId>90</DescriptionStrId><OperatingSystems>15</OperatingSystems><NeedReboot>1</NeedReboot><Floating>0</Floating><FixedStates><State><ID>{593685A3-3CCE-425E-83B8-431795451B6C}</ID><Name>%on_name%</Name><NameIsMultilanguage>0</NameIsMultilanguage><Value>1</Value><Default>0</Default></State><State><ID>{31195ECD-DF11-4704-B75D-1C4CAE1A497A}</ID><Name>%off_name%</Name><NameIsMultilanguage>0</NameIsMultilanguage><Value>0</Value><Default>1</Default></State></FixedStates></Tweak><Tweak><ID>{629E370A-277E-4A3A-AF7E-D2C2D93327B8}</ID><CreationTime>129958176013104442</CreationTime><RegistryKey>HKEY_LOCAL_MACHINE\SOFTWARE\Microsoft\Windows NT\CurrentVersion\Winlogon</RegistryKey><RegistryValueName>AllowMultipleTSSessions</RegistryValueName><RegistryValueType>4</RegistryValueType><Description>Use quick switching to another user account without having to close any programs</Description><DescriptionIsMultilanguage>0</DescriptionIsMultilanguage><DescriptionStrId>91</DescriptionStrId><OperatingSystems>1</OperatingSystems><Floating>0</Floating><FixedStates><State><ID>{AE4E73B0-7795-450B-A5D6-45D858C7BBCE}</ID><Name>%on_name%</Name><NameIsMultilanguage>0</NameIsMultilanguage><Value>1</Value><Default>0</Default></State><State><ID>{24C729C3-7D8C-4806-B137-6588B915EEF1}</ID><Name>%off_name%</Name><NameIsMultilanguage>0</NameIsMultilanguage><Value>0</Value><Default>1</Default></State></FixedStates></Tweak><Tweak><ID>{63E88D95-2FE6-4039-B4FD-90C8CCBA7796}</ID><CreationTime>129958176013104441</CreationTime><RegistryKey>HKEY_LOCAL_MACHINE\SOFTWARE\Microsoft\Windows\CurrentVersion\Policies\System</RegistryKey><RegistryValueName>DisplayLastLogonInfo</RegistryValueName><RegistryValueType>4</RegistryValueType><Description>Display information about previous logons using this user account during logon</Description><DescriptionIsMultilanguage>0</DescriptionIsMultilanguage><DescriptionStrId>92</DescriptionStrId><OperatingSystems>14</OperatingSystems><NeedLogOff>1</NeedLogOff><Floating>0</Floating><FixedStates><State><ID>{86FD7D92-6DD0-4662-AF26-446935A55B31}</ID><Name>%on_name%</Name><NameIsMultilanguage>0</NameIsMultilanguage><Value>1</Value><Default>0</Default></State><State><ID>{82EE5693-49D6-4429-BFFB-B5BE80B2A333}</ID><Name>%off_name%</Name><NameIsMultilanguage>0</NameIsMultilanguage><Value>0</Value><Default>1</Default></State></FixedStates></Tweak><Tweak><ID>{66FFF91C-E7A7-4E04-9D02-96BDD85B80E2}</ID><CreationTime>129958176013104442</CreationTime><RegistryKey>HKEY_CURRENT_USER\Software\Microsoft\Windows\CurrentVersion\Policies\Comdlg32</RegistryKey><RegistryValueName>NoPlacesBar</RegistryValueName><RegistryValueType>4</RegistryValueType><Description>Hide places bar in the open and save file dialogs</Description><DescriptionIsMultilanguage>0</DescriptionIsMultilanguage><DescriptionStrId>93</DescriptionStrId><OperatingSystems>1</OperatingSystems><NeedLogOff>1</NeedLogOff><Floating>0</Floating><FixedStates><State><ID>{6CFE659E-2D3B-4B3B-9F1D-BD68A802BCFE}</ID><Name>%on_name%</Name><NameIsMultilanguage>0</NameIsMultilanguage><Value>1</Value><Default>0</Default></State><State><ID>{61ABE2DD-6B43-4CC2-9A63-57750843901C}</ID><Name>%off_name%</Name><NameIsMultilanguage>0</NameIsMultilanguage><Value>0</Value><Default>1</Default></State></FixedStates></Tweak><Tweak><ID>{6A78963B-255C-4F68-9F18-8F7C0EEA17B1}</ID><CreationTime>129958176013104441</CreationTime><RegistryKey>HKEY_LOCAL_MACHINE\SYSTEM\CurrentControlSet\Control\FileSystem</RegistryKey><RegistryValueName>NtfsDisableLastAccessUpdate</RegistryValueName><RegistryValueType>4</RegistryValueType><Description>Disable NTFS last access time update</Description><DescriptionIsMultilanguage>0</DescriptionIsMultilanguage><DescriptionStrId>94</DescriptionStrId><OperatingSystems>1</OperatingSystems><NeedReboot>1</NeedReboot><Floating>0</Floating><FixedStates><State><ID>{0BAA65D5-5868-4B2F-B1BF-7FBE343B4A75}</ID><Name>%on_name%</Name><NameIsMultilanguage>0</NameIsMultilanguage><Value>1</Value><Default>0</Default></State><State><ID>{46F40C5D-D977-4E2C-9F90-A4628D0978AE}</ID><Name>%off_name%</Name><NameIsMultilanguage>0</NameIsMultilanguage><Value>0</Value><Default>1</Default></State></FixedStates></Tweak><Tweak><ID>{6C052B7A-0E83-4876-BD2E-1B6F4E065E54}</ID><CreationTime>129958176013089439</CreationTime><RegistryKey>HKEY_LOCAL_MACHINE\SYSTEM\CurrentControlSet\Services\CDRom</RegistryKey><RegistryValueName>Autorun</RegistryValueName><RegistryValueType>4</RegistryValueType><Description>Autorun DVD-ROM disk after it is inserted into drive</Description><DescriptionIsMultilanguage>0</DescriptionIsMultilanguage><DescriptionStrId>95</DescriptionStrId><OperatingSystems>1</OperatingSystems><NeedLogOff>1</NeedLogOff><Floating>0</Floating><FixedStates><State><ID>{A38C997C-7878-443C-8DD4-C4FB1304277B}</ID><Name>%on_name%</Name><NameIsMultilanguage>0</NameIsMultilanguage><Value>1</Value><Default>0</Default></State><State><ID>{B057A991-21F5-422A-8FFB-EA56812E7082}</ID><Name>%off_name%</Name><NameIsMultilanguage>0</NameIsMultilanguage><Value>0</Value><Default>1</Default></State></FixedStates></Tweak><Tweak><ID>{6E291158-279F-431D-A814-A02800CE89FB}</ID><CreationTime>129958176013089440</CreationTime><RegistryKey>HKEY_CURRENT_USER\Software\Policies\Microsoft\Windows\Explorer</RegistryKey><RegistryValueName>NoWindowMinimizingShortcuts</RegistryValueName><RegistryValueType>4</RegistryValueType><Description>Disable Aero Shake</Description><DescriptionIsMultilanguage>0</DescriptionIsMultilanguage><DescriptionStrId>96</DescriptionStrId><OperatingSystems>14</OperatingSystems><NeedLogOff>1</NeedLogOff><Floating>0</Floating><FixedStates><State><ID>{6AC711F3-422F-47AA-8664-93523BB087C6}</ID><Name>%on_name%</Name><NameIsMultilanguage>0</NameIsMultilanguage><Value>1</Value><Default>0</Default></State><State><ID>{838A86D1-ECBE-4CEB-BB1A-D5AF64DF8D25}</ID><Name>%off_name%</Name><NameIsMultilanguage>0</NameIsMultilanguage><Value>0</Value><Default>1</Default></State></FixedStates></Tweak><Tweak><ID>{6EC37C64-34BE-423F-BAA7-CEA79D703B85}</ID><CreationTime>129958176013089439</CreationTime><RegistryKey>HKEY_LOCAL_MACHINE\SYSTEM\CurrentControlSet\Services\Dnscache\Parameters</RegistryKey><RegistryValueName>CacheHashTableBucketSize</RegistryValueName><RegistryValueType>4</RegistryValueType><Description>Number of columns that the hash table can contain in the Domain Name System (DNS) cache</Description><DescriptionIsMultilanguage>0</DescriptionIsMultilanguage><DescriptionStrId>97</DescriptionStrId><OperatingSystems>15</OperatingSystems><NeedReboot>1</NeedReboot><Floating>1</Floating><FloatingState><ValueTemplate>%state%</ValueTemplate><ValueTemplateIsMultilanguage>0</ValueTemplateIsMultilanguage><DefaultValue></DefaultValue><DefaultValueIsMultilanguage>0</DefaultValueIsMultilanguage><Limited>1</Limited><MinValue>0</MinValue><MaxValue></MaxValue></FloatingState></Tweak><Tweak><ID>{72DD8C18-A1B1-47AF-87F1-34806DC5151F}</ID><CreationTime>129958176013079439</CreationTime><RegistryKey>HKEY_LOCAL_MACHINE\System\CurrentControlSet\Control\Class\{4D36E96A-E325-11CE-BFC1-08002BE10318}\0000</RegistryKey><RegistryValueName>EnableUDMA66</RegistryValueName><RegistryValueType>4</RegistryValueType><Description>Enable UDMA66 Mode on Intel chipsets</Description><DescriptionIsMultilanguage>0</DescriptionIsMultilanguage><DescriptionStrId>98</DescriptionStrId><OperatingSystems>1</OperatingSystems><NeedReboot>1</NeedReboot><Floating>0</Floating><FixedStates><State><ID>{B3A4A636-579E-423B-8439-FA6EF58DAFCA}</ID><Name>%on_name%</Name><NameIsMultilanguage>0</NameIsMultilanguage><Value>1</Value><Default>0</Default></State><State><ID>{20615232-B13E-4C24-8489-65FE5EA61A63}</ID><Name>%off_name%</Name><NameIsMultilanguage>0</NameIsMultilanguage><Value>0</Value><Default>1</Default></State></FixedStates></Tweak><Tweak><ID>{736AA379-4723-4A60-B33D-8D3EBEB38803}</ID><CreationTime>129958176013079438</CreationTime><RegistryKey>HKEY_LOCAL_MACHINE\SYSTEM\CurrentControlSet\Control\Windows</RegistryKey><RegistryValueName>ErrorMode</RegistryValueName><RegistryValueType>4</RegistryValueType><Description>Disable application and system error messages</Description><DescriptionIsMultilanguage>0</DescriptionIsMultilanguage><DescriptionStrId>99</DescriptionStrId><OperatingSystems>1</OperatingSystems><NeedLogOff>1</NeedLogOff><Floating>0</Floating><FixedStates><State><ID>{E6578C81-1546-4ECC-835A-AA0FFA714B59}</ID><Name>%on_name%</Name><NameIsMultilanguage>0</NameIsMultilanguage><Value>2</Value><Default>0</Default></State><State><ID>{878B15F6-FF99-4669-8BFA-B3FA3463FB24}</ID><Name>%off_name%</Name><NameIsMultilanguage>0</NameIsMultilanguage><Value>0</Value><Default>1</Default></State></FixedStates></Tweak><Tweak><ID>{76820D02-09A9-4513-A570-5F5C69E95570}</ID><CreationTime>129958176013079439</CreationTime><RegistryKey>HKEY_CURRENT_USER\Software\Microsoft\Windows\CurrentVersion\Policies\Explorer</RegistryKey><RegistryValueName>NoFind</RegistryValueName><RegistryValueType>4</RegistryValueType><Description>Hide Search from the Start Menu</Description><DescriptionIsMultilanguage>0</DescriptionIsMultilanguage><DescriptionStrId>100</DescriptionStrId><OperatingSystems>1</OperatingSystems><NeedLogOff>1</NeedLogOff><Floating>0</Floating><FixedStates><State><ID>{0CF8B2BC-6517-4078-9B86-6A4AC783CA86}</ID><Name>%on_name%</Name><NameIsMultilanguage>0</NameIsMultilanguage><Value>1</Value><Default>0</Default></State><State><ID>{2BD18FB0-975E-4855-9C89-5D8C9469C82F}</ID><Name>%off_name%</Name><NameIsMultilanguage>0</NameIsMultilanguage><Value>0</Value><Default>1</Default></State></FixedStates></Tweak><Tweak><ID>{789F8B6C-2068-4EA1-887E-F36FF987712E}</ID><CreationTime>129958176013079438</CreationTime><RegistryKey>HKEY_LOCAL_MACHINE\SYSTEM\CurrentControlSet\Control\Session Manager\Memory Management</RegistryKey><RegistryValueName>LargeSystemCache</RegistryValueName><RegistryValueType>4</RegistryValueType><Description>Enable large system cache</Description><DescriptionIsMultilanguage>0</DescriptionIsMultilanguage><DescriptionStrId>101</DescriptionStrId><OperatingSystems>1</OperatingSystems><NeedReboot>1</NeedReboot><Floating>0</Floating><FixedStates><State><ID>{23D6AA2B-5480-494C-94EE-B3C33FC2986F}</ID><Name>%on_name%</Name><NameIsMultilanguage>0</NameIsMultilanguage><Value>1</Value><Default>0</Default></State><State><ID>{D2D0546B-FD0D-4607-9BED-6D146AB73664}</ID><Name>%off_name%</Name><NameIsMultilanguage>0</NameIsMultilanguage><Value>0</Value><Default>1</Default></State></FixedStates></Tweak><Tweak><ID>{790B85D8-1D74-4FFE-BAFB-7F1651910D6A}</ID><CreationTime>129958176013069437</CreationTime><RegistryKey>HKEY_CURRENT_USER\Software\Microsoft\Windows\CurrentVersion\Policies\Explorer</RegistryKey><RegistryValueName>NoResolveSearch</RegistryValueName><RegistryValueType>4</RegistryValueType><Description>Do not use the search-based method when resolving shell shortcuts</Description><DescriptionIsMultilanguage>0</DescriptionIsMultilanguage><DescriptionStrId>102</DescriptionStrId><OperatingSystems>6</OperatingSystems><NeedReboot>1</NeedReboot><Floating>0</Floating><FixedStates><State><ID>{6026DA3C-4C8A-41FB-A957-85DF5C848137}</ID><Name>%on_name%</Name><NameIsMultilanguage>0</NameIsMultilanguage><Value>1</Value><Default>0</Default></State><State><ID>{523F8BAB-3585-484F-8685-A223129BE0FB}</ID><Name>%off_name%</Name><NameIsMultilanguage>0</NameIsMultilanguage><Value>0</Value><Default>0</Default></State></FixedStates></Tweak><Tweak><ID>{89CA1741-4606-41BE-9EB8-89CEFD963B20}</ID><CreationTime>129958176013054435</CreationTime><RegistryKey>HKEY_CURRENT_USER\Software\Microsoft\Windows\CurrentVersion\Explorer\CLSID\{645FF040-5081-101B-9F08-00AA002F954E}</RegistryKey><RegistryValueName></RegistryValueName><RegistryValueType>1</RegistryValueType><Description>Name of the Recycle Bin</Description><DescriptionIsMultilanguage>0</DescriptionIsMultilanguage><DescriptionStrId>103</DescriptionStrId><OperatingSystems>7</OperatingSystems><NeedLogOff>1</NeedLogOff><Floating>1</Floating><FloatingState><ValueTemplate>%state%</ValueTemplate><ValueTemplateIsMultilanguage>0</ValueTemplateIsMultilanguage><DefaultValue>&lt;English&gt;Recycle Bin&lt;/English&gt;&lt;Russian&gt;Корзина&lt;/Russian&gt; &lt;French&gt;Corbeille&lt;/French&gt;</DefaultValue><DefaultValueIsMultilanguage>1</DefaultValueIsMultilanguage><Limited>0</Limited></FloatingState></Tweak><Tweak><ID>{8AD85D1C-6EEB-42EE-8454-945AF23E4C8E}</ID><CreationTime>129958176013049434</CreationTime><RegistryKey>HKEY_CURRENT_USER\Software\Microsoft\Windows\CurrentVersion\Explorer\Advanced</RegistryKey><RegistryValueName>Start_LargeMFUIcons</RegistryValueName><RegistryValueType>4</RegistryValueType><Description>Small Start Menu icons</Description><DescriptionIsMultilanguage>0</DescriptionIsMultilanguage><DescriptionStrId>104</DescriptionStrId><OperatingSystems>6</OperatingSystems><NeedLogOff>1</NeedLogOff><Floating>0</Floating><FixedStates><State><ID>{707167A0-F9F0-4E91-A340-CD97935BBADC}</ID><Name>%on_name%</Name><NameIsMultilanguage>0</NameIsMultilanguage><Value>0</Value><Default>0</Default></State><State><ID>{0EC82257-847F-4352-B887-640CE49BC92E}</ID><Name>%off_name%</Name><NameIsMultilanguage>0</NameIsMultilanguage><Value>1</Value><Default>1</Default></State></FixedStates></Tweak><Tweak><ID>{9345FFEF-5D9E-43FD-A4F5-FBA34AFB202F}</ID><CreationTime>129958176013049434</CreationTime><RegistryKey>HKEY_CURRENT_USER\Control Panel\Desktop\WindowMetrics</RegistryKey><RegistryValueName>MinAnimate</RegistryValueName><RegistryValueType>1</RegistryValueType><Description>Do not animate windows while being resized</Description><DescriptionIsMultilanguage>0</DescriptionIsMultilanguage><DescriptionStrId>105</DescriptionStrId><OperatingSystems>15</OperatingSystems><NeedLogOff>1</NeedLogOff><Floating>0</Floating><FixedStates><State><ID>{AB10A495-DACA-4445-B2E1-60E1FAAD7639}</ID><Name>%on_name%</Name><NameIsMultilanguage>0</NameIsMultilanguage><Value>0</Value><Default>0</Default></State><State><ID>{4C4254B1-5CCE-4F31-916D-79B2A4AE64BC}</ID><Name>%off_name%</Name><NameIsMultilanguage>0</NameIsMultilanguage><Value>1</Value><Default>1</Default></State></FixedStates></Tweak><Tweak><ID>{935A3EC7-FBAC-439B-87C0-48662DB60E4E}</ID><CreationTime>129958176013049435</CreationTime><RegistryKey>HKEY_LOCAL_MACHINE\SYSTEM\CurrentControlSet\Services\wscsvc</RegistryKey><RegistryValueName>Start</RegistryValueName><RegistryValueType>4</RegistryValueType><Description>Do not launch Security Center when Windows starts</Description><DescriptionIsMultilanguage>0</DescriptionIsMultilanguage><DescriptionStrId>106</DescriptionStrId><OperatingSystems>1</OperatingSystems><Floating>0</Floating><FixedStates><State><ID>{F89E8DE6-4018-4168-857D-E99439D39FA4}</ID><Name>%on_name%</Name><NameIsMultilanguage>0</NameIsMultilanguage><Value>4</Value><Default>0</Default></State><State><ID>{52AA28B0-23EB-44CA-B286-D711873AD0B6}</ID><Name>%off_name%</Name><NameIsMultilanguage>0</NameIsMultilanguage><Value>2</Value><Default>1</Default></State></FixedStates></Tweak><Tweak><ID>{9AC7FB36-7699-496D-AEAA-5953C3768A03}</ID><CreationTime>129958176013049434</CreationTime><RegistryKey>HKEY_LOCAL_MACHINE\SOFTWARE\Microsoft\Windows NT\CurrentVersion\Winlogon</RegistryKey><RegistryValueName>AutoRestartShell</RegistryValueName><RegistryValueType>4</RegistryValueType><Description>Automatically restart Windows user interface (the Explorer.exe program) if it stops unexpectedly</Description><DescriptionIsMultilanguage>0</DescriptionIsMultilanguage><DescriptionStrId>107</DescriptionStrId><OperatingSystems>15</OperatingSystems><NeedLogOff>1</NeedLogOff><Floating>0</Floating><FixedStates><State><ID>{C2AE38BE-6448-471C-A473-197E5BBFB901}</ID><Name>%on_name%</Name><NameIsMultilanguage>0</NameIsMultilanguage><Value>1</Value><Default>1</Default></State><State><ID>{EBCE2952-BB48-46AC-967E-9034A5C17344}</ID><Name>%off_name%</Name><NameIsMultilanguage>0</NameIsMultilanguage><Value>0</Value><Default>0</Default></State></FixedStates></Tweak><Tweak><ID>{9E2252A0-BBF0-4C59-825F-6153E1115612}</ID><CreationTime>129958176013049435</CreationTime><RegistryKey>HKEY_LOCAL_MACHINE\SOFTWARE\Microsoft\Windows NT\CurrentVersion\Winlogon</RegistryKey><RegistryValueName>LogonType</RegistryValueName><RegistryValueType>4</RegistryValueType><Description>Use Windows XP welcome screen instead of the classic Windows NT/2000 logon screen</Description><DescriptionIsMultilanguage>0</DescriptionIsMultilanguage><DescriptionStrId>108</DescriptionStrId><OperatingSystems>1</OperatingSystems><NeedLogOff>1</NeedLogOff><Floating>0</Floating><FixedStates><State><ID>{CD014FEE-66CA-4565-97DD-FC298FB7F05B}</ID><Name>%on_name%</Name><NameIsMultilanguage>0</NameIsMultilanguage><Value>1</Value><Default>1</Default></State><State><ID>{998D7222-A81A-4F64-A4B8-C5976E8AAED8}</ID><Name>%off_name%</Name><NameIsMultilanguage>0</NameIsMultilanguage><Value>0</Value><Default>0</Default></State></FixedStates></Tweak><Tweak><ID>{A0774F7C-F1A6-422C-9F8A-FE24CBAEEBA3}</ID><CreationTime>129958176013049434</CreationTime><RegistryKey>HKEY_CLASSES_ROOT\Folder\shellex\ContextMenuHandlers\Moveto</RegistryKey><RegistryValueName></RegistryValueName><RegistryValueType>1</RegistryValueType><Description>For the folders: Add the 'Move to Folder...' command to the Windows Explorer context menu</Description><DescriptionIsMultilanguage>0</DescriptionIsMultilanguage><DescriptionStrId>109</DescriptionStrId><OperatingSystems>15</OperatingSystems><Floating>0</Floating><FixedStates><State><ID>{EFBADFE1-814E-45B8-9E6E-806035058069}</ID><Name>%on_name%</Name><NameIsMultilanguage>0</NameIsMultilanguage><Value>{C2FBB631-2971-11d1-A18C-00C04FD75D13}</Value><Default>0</Default></State><State><ID>{63BABA9D-C244-4D3D-A674-D30022D24DA0}</ID><Name>%off_name%</Name><NameIsMultilanguage>0</NameIsMultilanguage><Value></Value><Default>1</Default></State></FixedStates></Tweak><Tweak><ID>{A950379A-954F-4F8B-8A7D-9501197ACF89}</ID><CreationTime>129958176013049435</CreationTime><RegistryKey>HKEY_CLASSES_ROOT\*\shellex\ContextMenuHandlers\Copyto</RegistryKey><RegistryValueName></RegistryValueName><RegistryValueType>1</RegistryValueType><Description>For the files: Add the 'Copy to Folder...' command to the Windows Explorer context menu</Description><DescriptionIsMultilanguage>0</DescriptionIsMultilanguage><DescriptionStrId>110</DescriptionStrId><OperatingSystems>15</OperatingSystems><Floating>0</Floating><FixedStates><State><ID>{62A5E7B0-402F-4711-98FD-A6D01A8470B9}</ID><Name>%on_name%</Name><NameIsMultilanguage>0</NameIsMultilanguage><Value>{C2FBB630-2971-11d1-A18C-00C04FD75D13}</Value><Default>0</Default></State><State><ID>{D0FECF2A-D087-4309-BF2D-8248DB6CF057}</ID><Name>%off_name%</Name><NameIsMultilanguage>0</NameIsMultilanguage><Value></Value><Default>1</Default></State></FixedStates></Tweak><Tweak><ID>{AD8A39B8-0F6C-44FB-BFA4-A60171E8CAA9}</ID><CreationTime>129958176013049434</CreationTime><RegistryKey>HKEY_CURRENT_USER\Control Panel\Desktop</RegistryKey><RegistryValueName>CoolSwitchRows</RegistryValueName><RegistryValueType>1</RegistryValueType><Description>Number of rows when pressing Alt + Tab</Description><DescriptionIsMultilanguage>0</DescriptionIsMultilanguage><DescriptionStrId>111</DescriptionStrId><OperatingSystems>1</OperatingSystems><NeedReboot>1</NeedReboot><Floating>1</Floating><FloatingState><ValueTemplate>%state%</ValueTemplate><ValueTemplateIsMultilanguage>0</ValueTemplateIsMultilanguage><DefaultValue>3</DefaultValue><DefaultValueIsMultilanguage>0</DefaultValueIsMultilanguage><Limited>0</Limited></FloatingState></Tweak><Tweak><ID>{B33FA148-FA8B-43B4-A511-AA71DFCAD8F8}</ID><CreationTime>129958176013049435</CreationTime><RegistryKey>HKEY_LOCAL_MACHINE\SOFTWARE\Microsoft\Windows\CurrentVersion\Policies\System</RegistryKey><RegistryValueName>VerboseStatus</RegistryValueName><RegistryValueType>4</RegistryValueType><Description>Display detailed messages that reflect each step in the process of starting and shutting down the system</Description><DescriptionIsMultilanguage>0</DescriptionIsMultilanguage><DescriptionStrId>112</DescriptionStrId><OperatingSystems>15</OperatingSystems><NeedLogOff>1</NeedLogOff><Floating>0</Floating><FixedStates><State><ID>{68FB503B-9D22-4B5C-B7FC-2E75FB68D121}</ID><Name>%on_name%</Name><NameIsMultilanguage>0</NameIsMultilanguage><Value>1</Value><Default>0</Default></State><State><ID>{46BE6210-26F0-49DB-BE0F-CE5FFA83B61A}</ID><Name>%off_name%</Name><NameIsMultilanguage>0</NameIsMultilanguage><Value>0</Value><Default>1</Default></State></FixedStates></Tweak><Tweak><ID>{B3B5DC4C-B344-4B88-A078-1F9847D1F952}</ID><CreationTime>129958176013049434</CreationTime><RegistryKey>HKEY_LOCAL_MACHINE\SYSTEM\CurrentControlSet\Services\Dnscache\Parameters</RegistryKey><RegistryValueName>MaxCacheEntryTtlLimit</RegistryValueName><RegistryValueType>4</RegistryValueType><Description>Maximum presence time of the record in the Domain Name System (DNS) cache</Description><DescriptionIsMultilanguage>0</DescriptionIsMultilanguage><DescriptionStrId>113</DescriptionStrId><OperatingSystems>15</OperatingSystems><NeedReboot>1</NeedReboot><Floating>1</Floating><FloatingState><ValueTemplate>%state% sec</ValueTemplate><ValueTemplateIsMultilanguage>0</ValueTemplateIsMultilanguage><DefaultValue></DefaultValue><DefaultValueIsMultilanguage>0</DefaultValueIsMultilanguage><Limited>1</Limited><MinValue>0</MinValue><MaxValue></MaxValue></FloatingState></Tweak><Tweak><ID>{C928F146-A534-4E5B-BF81-529CD4D49F66}</ID><CreationTime>129958176013039433</CreationTime><RegistryKey>HKEY_LOCAL_MACHINE\SOFTWARE\Microsoft\Windows\CurrentVersion\Policies\System</RegistryKey><RegistryValueName>PromptOnSecureDesktop</RegistryValueName><RegistryValueType>4</RegistryValueType><Description>Disable the secure desktop. This tweak will disable all User Account Control prompts on the user's secure desktop</Description><DescriptionIsMultilanguage>0</DescriptionIsMultilanguage><DescriptionStrId>114</DescriptionStrId><OperatingSystems>14</OperatingSystems><Floating>0</Floating><FixedStates><State><ID>{F9B34728-7625-487F-B55C-80A17BC4108E}</ID><Name>%on_name%</Name><NameIsMultilanguage>0</NameIsMultilanguage><Value>0</Value><Default>0</Default></State><State><ID>{D62186CD-3287-4B65-B18B-C68E2B3C27FB}</ID><Name>%off_name%</Name><NameIsMultilanguage>0</NameIsMultilanguage><Value>1</Value><Default>1</Default></State></FixedStates></Tweak><Tweak><ID>{CBD0E5EB-87B8-4453-99C5-59BE37FD9E10}</ID><CreationTime>129958176013039434</CreationTime><RegistryKey>HKEY_LOCAL_MACHINE\SYSTEM\CurrentControlSet\Services\SharedAccess</RegistryKey><RegistryValueName>Start</RegistryValueName><RegistryValueType>4</RegistryValueType><Description>Disable Windows Firewall/Internet Connection Sharing (ICS)</Description><DescriptionIsMultilanguage>0</DescriptionIsMultilanguage><DescriptionStrId>115</DescriptionStrId><OperatingSystems>1</OperatingSystems><NeedReboot>1</NeedReboot><Floating>0</Floating><FixedStates><State><ID>{D029D7B3-A80C-4FAC-B331-5A1B66817920}</ID><Name>%on_name%</Name><NameIsMultilanguage>0</NameIsMultilanguage><Value>4</Value><Default>0</Default></State><State><ID>{F3CAE7AC-77FD-4482-99EF-B785852CF814}</ID><Name>%off_name%</Name><NameIsMultilanguage>0</NameIsMultilanguage><Value>2</Value><Default>1</Default></State></FixedStates></Tweak><Tweak><ID>{CF73990B-CF8E-4B7C-B8BA-D234400E6B6A}</ID><CreationTime>129958176013039433</CreationTime><RegistryKey>HKEY_LOCAL_MACHINE\SYSTEM\CurrentControlSet\Control</RegistryKey><RegistryValueName>WaitToKillAppTimeout</RegistryValueName><RegistryValueType>1</RegistryValueType><Description>Time after which the non-responding applications will be forced to close when the system is shutting down</Description><DescriptionIsMultilanguage>0</DescriptionIsMultilanguage><DescriptionStrId>116</DescriptionStrId><OperatingSystems>15</OperatingSystems><NeedReboot>1</NeedReboot><Floating>1</Floating><FloatingState><ValueTemplate>&lt;English&gt;%state% ms&lt;/English&gt;&lt;Russian&gt;%state% мс&lt;/Russian&gt;&lt;French&gt;%state% ms&lt;/French&gt;</ValueTemplate><ValueTemplateIsMultilanguage>1</ValueTemplateIsMultilanguage><DefaultValue>20000</DefaultValue><DefaultValueIsMultilanguage>0</DefaultValueIsMultilanguage><Limited>1</Limited><MinValue>0</MinValue><MaxValue></MaxValue></FloatingState></Tweak><Tweak><ID>{D4244DF6-2B69-4120-91E8-DEE12A780648}</ID><CreationTime>129958176013024432</CreationTime><RegistryKey>HKEY_CURRENT_USER\Software\Microsoft\Windows\CurrentVersion\Policies\Explorer</RegistryKey><RegistryValueName>NoInstrumentation</RegistryValueName><RegistryValueType>4</RegistryValueType><Description>Enable the information tracking about the previously used applications, paths and documents</Description><DescriptionIsMultilanguage>0</DescriptionIsMultilanguage><DescriptionStrId>117</DescriptionStrId><OperatingSystems>1</OperatingSystems><NeedReboot>1</NeedReboot><Floating>0</Floating><FixedStates><State><ID>{84784A78-FD8C-4A17-97C2-9FF391C0B49C}</ID><Name>%on_name%</Name><NameIsMultilanguage>0</NameIsMultilanguage><Value>0</Value><Default>0</Default></State><State><ID>{85CAFD4C-80E8-48A3-B32A-3F30AF99DF25}</ID><Name>%off_name%</Name><NameIsMultilanguage>0</NameIsMultilanguage><Value>1</Value><Default>0</Default></State></FixedStates></Tweak><Tweak><ID>{D67381DC-4702-483A-A9BE-CC244EECB900}</ID><CreationTime>129958176013024431</CreationTime><RegistryKey>HKEY_LOCAL_MACHINE\SYSTEM\CurrentControlSet\Services\Dnscache\Parameters</RegistryKey><RegistryValueName>MaxSOACacheEntryTtlLimit</RegistryValueName><RegistryValueType>4</RegistryValueType><Description>Maximum presence time of the Start of Authority (SOA) record in the Domain Name System (DNS) cache</Description><DescriptionIsMultilanguage>0</DescriptionIsMultilanguage><DescriptionStrId>118</DescriptionStrId><OperatingSystems>15</OperatingSystems><NeedReboot>1</NeedReboot><Floating>1</Floating><FloatingState><ValueTemplate>%state% sec</ValueTemplate><ValueTemplateIsMultilanguage>0</ValueTemplateIsMultilanguage><DefaultValue></DefaultValue><DefaultValueIsMultilanguage>0</DefaultValueIsMultilanguage><Limited>1</Limited><MinValue>0</MinValue><MaxValue></MaxValue></FloatingState></Tweak><Tweak><ID>{D75975C1-308D-482D-A54E-67C3F8761C1F}</ID><CreationTime>129958176013014430</CreationTime><RegistryKey>HKEY_CURRENT_USER\Software\Microsoft\Windows\CurrentVersion\Policies\Explorer</RegistryKey><RegistryValueName>LinkResolveIgnoreLinkInfo</RegistryValueName><RegistryValueType>4</RegistryValueType><Description>Disable the Desktop shortcuts correctness checking and the new file location lookup for the erroneous shortcuts</Description><DescriptionIsMultilanguage>0</DescriptionIsMultilanguage><DescriptionStrId>119</DescriptionStrId><OperatingSystems>6</OperatingSystems><NeedReboot>1</NeedReboot><Floating>0</Floating><FixedStates><State><ID>{6026DA3C-4C8A-41FB-A957-85DF5C848137}</ID><Name>%on_name%</Name><NameIsMultilanguage>0</NameIsMultilanguage><Value>1</Value><Default>0</Default></State><State><ID>{523F8BAB-3585-484F-8685-A223129BE0FB}</ID><Name>%off_name%</Name><NameIsMultilanguage>0</NameIsMultilanguage><Value>0</Value><Default>0</Default></State></FixedStates></Tweak><Tweak><ID>{D8FEEF0A-971E-45E0-99FA-D21BCA0AA18F}</ID><CreationTime>129958176012999429</CreationTime><RegistryKey>HKEY_CURRENT_USER\Software\Microsoft\Windows\CurrentVersion\Policies\Explorer</RegistryKey><RegistryValueName>NoTrayItemsDisplay</RegistryValueName><RegistryValueType>4</RegistryValueType><Description>Hide the notification area (system tray)</Description><DescriptionIsMultilanguage>0</DescriptionIsMultilanguage><DescriptionStrId>120</DescriptionStrId><OperatingSystems>15</OperatingSystems><NeedLogOff>1</NeedLogOff><Floating>0</Floating><FixedStates><State><ID>{7B4E5275-B15C-46CF-9456-0099E9FAF43B}</ID><Name>%on_name%</Name><NameIsMultilanguage>0</NameIsMultilanguage><Value>1</Value><Default>0</Default></State><State><ID>{8B71E5D7-E8AC-4275-856C-8C221C7A80C4}</ID><Name>%off_name%</Name><NameIsMultilanguage>0</NameIsMultilanguage><Value>0</Value><Default>1</Default></State></FixedStates></Tweak><Tweak><ID>{DAFC6B75-004F-4D0D-B85B-60E8CD393AF5}</ID><CreationTime>129958176012999428</CreationTime><RegistryKey>HKEY_CURRENT_USER\Control Panel\Desktop</RegistryKey><RegistryValueName>LowLevelHooksTimeout</RegistryValueName><RegistryValueType>1</RegistryValueType><Description>Time after which the non-responding modules using the hook to other modules will lose this hook</Description><DescriptionIsMultilanguage>0</DescriptionIsMultilanguage><DescriptionStrId>121</DescriptionStrId><OperatingSystems>12</OperatingSystems><NeedReboot>1</NeedReboot><Floating>1</Floating><FloatingState><ValueTemplate>%state% ms</ValueTemplate><ValueTemplateIsMultilanguage>0</ValueTemplateIsMultilanguage><DefaultValue></DefaultValue><DefaultValueIsMultilanguage>0</DefaultValueIsMultilanguage><Limited>0</Limited></FloatingState></Tweak><Tweak><ID>{DC419348-5AE0-43A6-B546-2319C0DAE29D}</ID><CreationTime>129958176012944421</CreationTime><RegistryKey>HKEY_LOCAL_MACHINE\SOFTWARE\Microsoft\Windows\CurrentVersion\Policies\System</RegistryKey><RegistryValueName>EnableVirtualization</RegistryValueName><RegistryValueType>4</RegistryValueType><Description>Enable virtualization (redirection of a legacy application file and registry writes that would normally fail as a standard user to a user-writable data location)</Description><DescriptionIsMultilanguage>0</DescriptionIsMultilanguage><DescriptionStrId>122</DescriptionStrId><OperatingSystems>15</OperatingSystems><NeedReboot>1</NeedReboot><Floating>0</Floating><FixedStates><State><ID>{FE648023-FCB6-4423-8D49-C6362D0BADE7}</ID><Name>%on_name%</Name><NameIsMultilanguage>0</NameIsMultilanguage><Value>1</Value><Default>1</Default></State><State><ID>{AA995FE5-E266-4B69-88B4-252A0181D307}</ID><Name>%off_name%</Name><NameIsMultilanguage>0</NameIsMultilanguage><Value>0</Value><Default>0</Default></State></FixedStates></Tweak><Tweak><ID>{DF33D778-C834-43E9-8CAA-54530CC82F6F}</ID><CreationTime>129958176012944422</CreationTime><RegistryKey>HKEY_LOCAL_MACHINE\SYSTEM\CurrentControlSet\Control\CrashControl</RegistryKey><RegistryValueName>SendAlert</RegistryValueName><RegistryValueType>4</RegistryValueType><Description>Notify the system administrators if the error occurs</Description><DescriptionIsMultilanguage>0</DescriptionIsMultilanguage><DescriptionStrId>123</DescriptionStrId><OperatingSystems>1</OperatingSystems><NeedReboot>1</NeedReboot><Floating>0</Floating><FixedStates><State><ID>{FDA09F6F-B8B8-4C87-8E94-3C8966224732}</ID><Name>%on_name%</Name><NameIsMultilanguage>0</NameIsMultilanguage><Value>1</Value><Default>0</Default></State><State><ID>{3A0CB40B-4753-417A-B61A-A298E1F8E0DB}</ID><Name>%off_name%</Name><NameIsMultilanguage>0</NameIsMultilanguage><Value>0</Value><Default>1</Default></State></FixedStates></Tweak><Tweak><ID>{E08BF950-8520-4C98-9C0F-0F9136939036}</ID><CreationTime>129958176012944421</CreationTime><RegistryKey>HKEY_CURRENT_USER\Software\Microsoft\Windows\CurrentVersion\Policies\Explorer</RegistryKey><RegistryValueName>NoRun</RegistryValueName><RegistryValueType>4</RegistryValueType><Description>Hide Run from the Start MenuHide Run from the Start Menu</Description><DescriptionIsMultilanguage>0</DescriptionIsMultilanguage><DescriptionStrId>124</DescriptionStrId><OperatingSystems>1</OperatingSystems><NeedLogOff>1</NeedLogOff><Floating>0</Floating><FixedStates><State><ID>{D6F7E1F8-6B93-43E3-81C9-B7EF6A2E99BE}</ID><Name>%on_name%</Name><NameIsMultilanguage>0</NameIsMultilanguage><Value>1</Value><Default>0</Default></State><State><ID>{3C0C8D89-7EA0-44D3-AF46-4859036BB982}</ID><Name>%off_name%</Name><NameIsMultilanguage>0</NameIsMultilanguage><Value>0</Value><Default>1</Default></State></FixedStates></Tweak><Tweak><ID>{E3A64758-7877-4F26-B2DA-132DCA3704B9}</ID><CreationTime>129958176012944422</CreationTime><RegistryKey>HKEY_CURRENT_USER\Software\Microsoft\Windows\CurrentVersion\Explorer\Advanced</RegistryKey><RegistryValueName>Start_ShowRecentDocs</RegistryValueName><RegistryValueType>4</RegistryValueType><Description>Show the Recent Documents command in the Start Menu</Description><DescriptionIsMultilanguage>0</DescriptionIsMultilanguage><DescriptionStrId>125</DescriptionStrId><OperatingSystems>4</OperatingSystems><NeedLogOff>1</NeedLogOff><Floating>0</Floating><FixedStates><State><ID>{3ABBEC89-2BB9-455B-9EFE-81141C9EAE8E}</ID><Name>%on_name%</Name><NameIsMultilanguage>0</NameIsMultilanguage><Value>1</Value><Default>0</Default></State><State><ID>{1E536FE9-3213-4553-8D34-E9D97B8498BA}</ID><Name>%off_name%</Name><NameIsMultilanguage>0</NameIsMultilanguage><Value>0</Value><Default>1</Default></State></FixedStates></Tweak><Tweak><ID>{E441E175-DA42-42EB-92F6-0C23226C3B36}</ID><CreationTime>129958176012944421</CreationTime><RegistryKey>HKEY_CURRENT_USER\Software\Microsoft\Windows\CurrentVersion\Policies\Explorer</RegistryKey><RegistryValueName>NoLowDiskSpaceChecks</RegistryValueName><RegistryValueType>4</RegistryValueType><Description>Disable the low disk space warning</Description><DescriptionIsMultilanguage>0</DescriptionIsMultilanguage><DescriptionStrId>126</DescriptionStrId><OperatingSystems>6</OperatingSystems><NeedLogOff>1</NeedLogOff><Floating>0</Floating><FixedStates><State><ID>{6026DA3C-4C8A-41FB-A957-85DF5C848137}</ID><Name>%on_name%</Name><NameIsMultilanguage>0</NameIsMultilanguage><Value>1</Value><Default>0</Default></State><State><ID>{523F8BAB-3585-484F-8685-A223129BE0FB}</ID><Name>%off_name%</Name><NameIsMultilanguage>0</NameIsMultilanguage><Value>0</Value><Default>0</Default></State></FixedStates></Tweak><Tweak><ID>{E4DB1CEE-9F26-481B-BA3E-C5CAA1B15EFA}</ID><CreationTime>129958176012934420</CreationTime><RegistryKey>HKEY_CURRENT_USER\Software\Microsoft\Windows\CurrentVersion\Explorer\Advanced</RegistryKey><RegistryValueName>StartMenuFavorites</RegistryValueName><RegistryValueType>4</RegistryValueType><Description>Show Internet Explorer Favorites on the Start menu</Description><DescriptionIsMultilanguage>0</DescriptionIsMultilanguage><DescriptionStrId>127</DescriptionStrId><OperatingSystems>7</OperatingSystems><NeedLogOff>1</NeedLogOff><Floating>0</Floating><FixedStates><State><ID>{8B126E7D-A4BD-4130-9233-B397862F041C}</ID><Name>%on_name%</Name><NameIsMultilanguage>0</NameIsMultilanguage><Value>1</Value><Default>0</Default></State><State><ID>{ED61AC22-6E3E-4E32-B0F4-BF46EAA312C3}</ID><Name>%off_name%</Name><NameIsMultilanguage>0</NameIsMultilanguage><Value>0</Value><Default>1</Default></State></FixedStates></Tweak><Tweak><ID>{E912B02E-7239-4ED1-9F47-FD42434372D0}</ID><CreationTime>129958176012929419</CreationTime><RegistryKey>HKEY_LOCAL_MACHINE\SYSTEM\CurrentControlSet\Services\Dnscache\Parameters</RegistryKey><RegistryValueName>CacheHashTableSize</RegistryValueName><RegistryValueType>4</RegistryValueType><Description>Number of rows that the hash table can contain in the Domain Name System (DNS) cache</Description><DescriptionIsMultilanguage>0</DescriptionIsMultilanguage><DescriptionStrId>128</DescriptionStrId><OperatingSystems>15</OperatingSystems><NeedReboot>1</NeedReboot><Floating>1</Floating><FloatingState><ValueTemplate>%state%</ValueTemplate><ValueTemplateIsMultilanguage>0</ValueTemplateIsMultilanguage><DefaultValue></DefaultValue><DefaultValueIsMultilanguage>0</DefaultValueIsMultilanguage><Limited>1</Limited><MinValue>0</MinValue><MaxValue></MaxValue></FloatingState></Tweak><Tweak><ID>{F0C55CC1-7E4F-4171-A9DE-9575DBF355A8}</ID><CreationTime>129958176012919419</CreationTime><RegistryKey>HKEY_CURRENT_USER\Software\Microsoft\Windows\CurrentVersion\Explorer\Advanced</RegistryKey><RegistryValueName>Start_ShowRun</RegistryValueName><RegistryValueType>4</RegistryValueType><Description>Show the Run command in the Start Menu</Description><DescriptionIsMultilanguage>0</DescriptionIsMultilanguage><DescriptionStrId>129</DescriptionStrId><OperatingSystems>4</OperatingSystems><NeedLogOff>1</NeedLogOff><Floating>0</Floating><FixedStates><State><ID>{50C25ADF-9C0D-4072-B1A0-8587B24AA21B}</ID><Name>%on_name%</Name><NameIsMultilanguage>0</NameIsMultilanguage><Value>1</Value><Default>0</Default></State><State><ID>{D726C76A-5C73-4305-A4A8-36FD612BA409}</ID><Name>%off_name%</Name><NameIsMultilanguage>0</NameIsMultilanguage><Value>0</Value><Default>1</Default></State></FixedStates></Tweak><Tweak><ID>{F40FEFAA-EE54-4F05-80D0-443F8733208A}</ID><CreationTime>129958176012919418</CreationTime><RegistryKey>HKEY_LOCAL_MACHINE\SOFTWARE\Microsoft\Security Center</RegistryKey><RegistryValueName>AntiVirusOverride</RegistryValueName><RegistryValueType>4</RegistryValueType><Description>Disable monitoring of the anti-virus software presence in the system</Description><DescriptionIsMultilanguage>0</DescriptionIsMultilanguage><DescriptionStrId>130</DescriptionStrId><OperatingSystems>1</OperatingSystems><NeedReboot>1</NeedReboot><Floating>0</Floating><FixedStates><State><ID>{68C59B95-1591-47FA-9978-C00664CD9EBE}</ID><Name>%on_name%</Name><NameIsMultilanguage>0</NameIsMultilanguage><Value>1</Value><Default>0</Default></State><State><ID>{2EE78C75-D212-4AC0-8D5F-DA3EC3FB9E70}</ID><Name>%off_name%</Name><NameIsMultilanguage>0</NameIsMultilanguage><Value>0</Value><Default>1</Default></State></FixedStates></Tweak><Tweak><ID>{F565C266-30C4-4E14-AF50-46BBD276C04F}</ID><CreationTime>129958176012919419</CreationTime><RegistryKey>HKEY_LOCAL_MACHINE\Software\Policies\Microsoft\Windows\System\Power</RegistryKey><RegistryValueName>PromptPasswordOnResume</RegistryValueName><RegistryValueType>4</RegistryValueType><Description>Prompt for password on resume from hibernate/suspend</Description><DescriptionIsMultilanguage>0</DescriptionIsMultilanguage><DescriptionStrId>131</DescriptionStrId><OperatingSystems>1</OperatingSystems><NeedReboot>1</NeedReboot><Floating>0</Floating><FixedStates><State><ID>{53F2F51B-59F9-404B-8D33-E0F958116E57}</ID><Name>%on_name%</Name><NameIsMultilanguage>0</NameIsMultilanguage><Value>1</Value><Default>0</Default></State><State><ID>{94A4E52E-30EE-4CF2-BB5A-33E243D520CA}</ID><Name>%off_name%</Name><NameIsMultilanguage>0</NameIsMultilanguage><Value>0</Value><Default>1</Default></State></FixedStates></Tweak><Tweak><ID>{FD83EC06-CCA1-4D76-A75B-9D7F1D857ACB}</ID><CreationTime>129958176012919418</CreationTime><RegistryKey>HKEY_LOCAL_MACHINE\SYSTEM\CurrentControlSet\Control\CrashControl</RegistryKey><RegistryValueName>LogEvent</RegistryValueName><RegistryValueType>4</RegistryValueType><Description>Do not record events to the system log</Description><DescriptionIsMultilanguage>0</DescriptionIsMultilanguage><DescriptionStrId>132</DescriptionStrId><OperatingSystems>1</OperatingSystems><NeedReboot>1</NeedReboot><Floating>0</Floating><FixedStates><State><ID>{3D69558B-1698-47D8-B2EB-4FEB40885B25}</ID><Name>%on_name%</Name><NameIsMultilanguage>0</NameIsMultilanguage><Value>0</Value><Default>1</Default></State><State><ID>{E14597D7-4B7D-4FF8-ADFF-BC84A734EDC5}</ID><Name>%off_name%</Name><NameIsMultilanguage>0</NameIsMultilanguage><Value>1</Value><Default>0</Default></State></FixedStates></Tweak></Tweaks><Groups><Group><ID>{1960285D-B9EF-463D-BA72-589F6E2EF08C}</ID><CreationTime>129884644768303884</CreationTime><Name>System Interaction</Name><NameIsMultilanguage>0</NameIsMultilanguage><NameStrId>133</NameStrId><QuicklyTuneUp>0</QuicklyTuneUp><Tweaks><Tweak><ID>{0EDBAC73-28F4-471E-A748-AD569FD44825}</ID></Tweak><Tweak><ID>{117F5BF2-FA0E-4FFF-9FCB-93EC557096BB}</ID></Tweak><Tweak><ID>{14F1FB2B-E597-4029-8DAA-C55955A0E26D}</ID></Tweak><Tweak><ID>{1E7E221C-13EF-4702-B1F3-E2D83CD611FF}</ID></Tweak><Tweak><ID>{32D05BD4-C16A-44A2-B3E3-32609D60158C}</ID></Tweak><Tweak><ID>{36C0BF36-9EFC-4EE8-8E8D-1A55913EEBAA}</ID></Tweak><Tweak><ID>{3923C504-20E9-4560-938B-2826500F88E7}</ID></Tweak><Tweak><ID>{4600B006-0D06-42AF-B4BC-DD298DC3749A}</ID></Tweak><Tweak><ID>{47B5AD96-EB2B-47EE-A750-3B6A44D8A27B}</ID></Tweak><Tweak><ID>{4BBD7F1A-7C3C-4787-BDC6-9CCD963731D7}</ID></Tweak><Tweak><ID>{63E88D95-2FE6-4039-B4FD-90C8CCBA7796}</ID></Tweak><Tweak><ID>{6C052B7A-0E83-4876-BD2E-1B6F4E065E54}</ID></Tweak><Tweak><ID>{72DD8C18-A1B1-47AF-87F1-34806DC5151F}</ID></Tweak><Tweak><ID>{736AA379-4723-4A60-B33D-8D3EBEB38803}</ID></Tweak><Tweak><ID>{935A3EC7-FBAC-439B-87C0-48662DB60E4E}</ID></Tweak><Tweak><ID>{9AC7FB36-7699-496D-AEAA-5953C3768A03}</ID></Tweak><Tweak><ID>{A0774F7C-F1A6-422C-9F8A-FE24CBAEEBA3}</ID></Tweak><Tweak><ID>{A950379A-954F-4F8B-8A7D-9501197ACF89}</ID></Tweak><Tweak><ID>{B33FA148-FA8B-43B4-A511-AA71DFCAD8F8}</ID></Tweak><Tweak><ID>{C928F146-A534-4E5B-BF81-529CD4D49F66}</ID></Tweak><Tweak><ID>{CBD0E5EB-87B8-4453-99C5-59BE37FD9E10}</ID></Tweak><Tweak><ID>{D4244DF6-2B69-4120-91E8-DEE12A780648}</ID></Tweak><Tweak><ID>{DAFC6B75-004F-4D0D-B85B-60E8CD393AF5}</ID></Tweak><Tweak><ID>{F40FEFAA-EE54-4F05-80D0-443F8733208A}</ID></Tweak><Tweak><ID>{F565C266-30C4-4E14-AF50-46BBD276C04F}</ID></Tweak></Tweaks></Group><Group><ID>{221726CF-09CF-4C8D-B9F1-830E263DAE8D}</ID><CreationTime>129894182747277447</CreationTime><Name>Internet Connection Optimization</Name><NameIsMultilanguage>0</NameIsMultilanguage><NameStrId>134</NameStrId><QuicklyTuneUp>1</QuicklyTuneUp><Tweaks><Tweak><ID>{15502444-E4BD-49A7-9E50-B8259A2C7301}</ID><Floating>1</Floating><GroupState><NotSet>0</NotSet><Text>10</Text></GroupState></Tweak><Tweak><ID>{3124410D-79C0-4AEC-B67F-F16F3BD074A8}</ID><Floating>1</Floating><GroupState><NotSet>0</NotSet><Text>10</Text></GroupState></Tweak><Tweak><ID>{4F0DC5CF-20C2-41E3-A106-2DECE072D431}</ID><Floating>1</Floating><GroupState><NotSet>0</NotSet><Text>10</Text></GroupState></Tweak><Tweak><ID>{F05DCFE9-10F7-46FB-8562-4AAD794B8641}</ID><Floating>1</Floating><GroupState><NotSet>0</NotSet><Text>10</Text></GroupState></Tweak><Tweak><ID>{6EC37C64-34BE-423F-BAA7-CEA79D703B85}</ID><Floating>1</Floating><GroupState><NotSet>0</NotSet><Text>1</Text></GroupState></Tweak><Tweak><ID>{B3B5DC4C-B344-4B88-A078-1F9847D1F952}</ID><Floating>1</Floating><GroupState><NotSet>0</NotSet><Text>86400</Text></GroupState></Tweak><Tweak><ID>{D67381DC-4702-483A-A9BE-CC244EECB900}</ID><Floating>1</Floating><GroupState><NotSet>0</NotSet><Text>300</Text></GroupState></Tweak><Tweak><ID>{E912B02E-7239-4ED1-9F47-FD42434372D0}</ID><Floating>1</Floating><GroupState><NotSet>0</NotSet><Text>384</Text></GroupState></Tweak></Tweaks></Group><Group><ID>{5324783F-F574-49DE-A477-EFCDF6D0921E}</ID><CreationTime>129894182855681212</CreationTime><Name>System Load and Unload Speed-Up</Name><NameIsMultilanguage>0</NameIsMultilanguage><NameStrId>135</NameStrId><QuicklyTuneUp>1</QuicklyTuneUp><Tweaks><Tweak><ID>{EE4F6245-0C9B-422B-9111-A7BC431B8AED}</ID><Floating>1</Floating><GroupState><NotSet>0</NotSet><Text>120</Text></GroupState></Tweak><Tweak><ID>{039AE4A9-3DF2-4C74-9A5D-2FD2C8D4B659}</ID><Floating>0</Floating><GroupState><NotSet>0</NotSet><StateID>{6026DA3C-4C8A-41FB-A957-85DF5C848137}</StateID></GroupState></Tweak><Tweak><ID>{790B85D8-1D74-4FFE-BAFB-7F1651910D6A}</ID><Floating>0</Floating><GroupState><NotSet>0</NotSet><StateID>{6026DA3C-4C8A-41FB-A957-85DF5C848137}</StateID></GroupState></Tweak><Tweak><ID>{CF73990B-CF8E-4B7C-B8BA-D234400E6B6A}</ID><Floating>1</Floating><GroupState><NotSet>0</NotSet><Text>&lt;2001</Text></GroupState></Tweak><Tweak><ID>{D75975C1-308D-482D-A54E-67C3F8761C1F}</ID><Floating>0</Floating><GroupState><NotSet>0</NotSet><StateID>{6026DA3C-4C8A-41FB-A957-85DF5C848137}</StateID></GroupState></Tweak></Tweaks></Group><Group><ID>{A4FA6E38-B32C-43F2-8DC9-25442F1F3836}</ID><CreationTime>130824819861509639</CreationTime><Name>Appearance</Name><NameIsMultilanguage>0</NameIsMultilanguage><NameStrId>136</NameStrId><QuicklyTuneUp>0</QuicklyTuneUp><Tweaks><Tweak><ID>{A664984F-5F20-4851-A026-7B3ED3FFDF97}</ID></Tweak><Tweak><ID>{D663C9CB-14BE-4B63-BA61-2885B8C7FB91}</ID></Tweak><Tweak><ID>{8B094E55-ADE6-4053-8005-6A07CC62B729}</ID></Tweak><Tweak><ID>{8439069D-31BD-4DCC-8D3C-78049E6E900C}</ID></Tweak><Tweak><ID>{2908F8A1-1D50-4418-8612-32DC911B0BB2}</ID></Tweak><Tweak><ID>{59F33367-55A4-421C-99E6-109E69965907}</ID></Tweak><Tweak><ID>{61FC5504-AB42-465F-862E-54EED76BA45B}</ID></Tweak><Tweak><ID>{2205EF19-36BE-4391-9205-16F4C90A201C}</ID></Tweak><Tweak><ID>{1E3CD0ED-45DE-4974-A27E-FBC27F82D97B}</ID></Tweak><Tweak><ID>{20E3A5C7-75EB-4999-975A-74ED9430BB3C}</ID></Tweak><Tweak><ID>{2C9C8A69-8006-4D9E-BE47-FCFAC2806EE6}</ID></Tweak><Tweak><ID>{3E16D5B4-F0A2-4714-BAB3-7EEADD0BE6F4}</ID></Tweak><Tweak><ID>{5CD75116-7C86-4D18-939A-89A4C60FED6C}</ID></Tweak><Tweak><ID>{629E370A-277E-4A3A-AF7E-D2C2D93327B8}</ID></Tweak><Tweak><ID>{66FFF91C-E7A7-4E04-9D02-96BDD85B80E2}</ID></Tweak><Tweak><ID>{6E291158-279F-431D-A814-A02800CE89FB}</ID></Tweak><Tweak><ID>{76820D02-09A9-4513-A570-5F5C69E95570}</ID></Tweak><Tweak><ID>{89CA1741-4606-41BE-9EB8-89CEFD963B20}</ID></Tweak><Tweak><ID>{8AD85D1C-6EEB-42EE-8454-945AF23E4C8E}</ID></Tweak><Tweak><ID>{9345FFEF-5D9E-43FD-A4F5-FBA34AFB202F}</ID></Tweak><Tweak><ID>{9E2252A0-BBF0-4C59-825F-6153E1115612}</ID></Tweak><Tweak><ID>{AD8A39B8-0F6C-44FB-BFA4-A60171E8CAA9}</ID></Tweak><Tweak><ID>{D8FEEF0A-971E-45E0-99FA-D21BCA0AA18F}</ID></Tweak><Tweak><ID>{E08BF950-8520-4C98-9C0F-0F9136939036}</ID></Tweak><Tweak><ID>{E3A64758-7877-4F26-B2DA-132DCA3704B9}</ID></Tweak><Tweak><ID>{E4DB1CEE-9F26-481B-BA3E-C5CAA1B15EFA}</ID></Tweak><Tweak><ID>{F0C55CC1-7E4F-4171-A9DE-9575DBF355A8}</ID></Tweak></Tweaks></Group><Group><ID>{F5A1CAC5-F35E-4C0D-B24B-80779E3A3FBD}</ID><CreationTime>129887197331289031</CreationTime><Name>Miscellaneous</Name><NameIsMultilanguage>0</NameIsMultilanguage><NameStrId>137</NameStrId><QuicklyTuneUp>0</QuicklyTuneUp><Tweaks><Tweak><ID>{88E8A214-5A64-40AA-B458-E4CC2A7FBF61}</ID></Tweak><Tweak><ID>{5DB070D0-D018-4433-9BB2-414FE15326DA}</ID></Tweak><Tweak><ID>{EE4F6245-0C9B-422B-9111-A7BC431B8AED}</ID></Tweak><Tweak><ID>{1E83EA20-B14C-41F5-B533-5D301D67E501}</ID></Tweak><Tweak><ID>{310728C4-FC24-4DCA-8CD1-2C94963A9870}</ID></Tweak><Tweak><ID>{61ECA041-BEF1-4DBC-8F16-478A039CF1C1}</ID></Tweak><Tweak><ID>{72DD8C18-A1B1-47AF-87F1-34806DC5151F}</ID></Tweak><Tweak><ID>{DC419348-5AE0-43A6-B546-2319C0DAE29D}</ID></Tweak><Tweak><ID>{DF33D778-C834-43E9-8CAA-54530CC82F6F}</ID></Tweak><Tweak><ID>{FD83EC06-CCA1-4D76-A75B-9D7F1D857ACB}</ID></Tweak></Tweaks></Group><Group><ID>{E18FB140-2B94-4FD6-8B20-05E34FAB29AB}</ID><CreationTime>130711583092446353</CreationTime><Name>System Speed-Up by Optimization and Disabling the Rarely Used Functions</Name><NameIsMultilanguage>0</NameIsMultilanguage><NameStrId>138</NameStrId><QuicklyTuneUp>1</QuicklyTuneUp><Tweaks><Tweak><ID>{0EDBAC73-28F4-471E-A748-AD569FD44825}</ID><Floating>1</Floating><GroupState><NotSet>0</NotSet><Text>&lt;1001</Text></GroupState></Tweak><Tweak><ID>{1E7E221C-13EF-4702-B1F3-E2D83CD611FF}</ID><Floating>0</Floating><GroupState><NotSet>0</NotSet><StateID>{41FB6478-3A5A-49E8-8B48-3396579DF337}</StateID></GroupState></Tweak><Tweak><ID>{39DA0A38-AD58-4A77-BB7C-216128F69BF1}</ID><Floating>0</Floating><GroupState><NotSet>0</NotSet><StateID>{0665F7E2-47FE-48B0-85C1-0740EA07E567}</StateID></GroupState></Tweak><Tweak><ID>{3FA7C374-8402-4092-947E-4952BC4252D0}</ID><Floating>0</Floating><GroupState><NotSet>0</NotSet><StateID>{ACA8B0FA-5133-4928-9EB8-B63153AC6986}</StateID></GroupState></Tweak><Tweak><ID>{56D95D36-BD97-44CD-8B3B-6616326EAE65}</ID><Floating>0</Floating><GroupState><NotSet>0</NotSet><StateID>{4A98FE4A-5730-4412-81FE-9D7DBE8DFD75}</StateID></GroupState></Tweak><Tweak><ID>{6A78963B-255C-4F68-9F18-8F7C0EEA17B1}</ID><Floating>0</Floating><GroupState><NotSet>0</NotSet><StateID>{0BAA65D5-5868-4B2F-B1BF-7FBE343B4A75}</StateID></GroupState></Tweak><Tweak><ID>{789F8B6C-2068-4EA1-887E-F36FF987712E}</ID><Floating>0</Floating><GroupState><NotSet>0</NotSet><StateID>{23D6AA2B-5480-494C-94EE-B3C33FC2986F}</StateID></GroupState></Tweak><Tweak><ID>{E441E175-DA42-42EB-92F6-0C23226C3B36}</ID><Floating>0</Floating><GroupState><NotSet>0</NotSet><StateID>{6026DA3C-4C8A-41FB-A957-85DF5C848137}</StateID></GroupState></Tweak></Tweaks></Group><Group><ID>{03A3789F-8485-4F62-B944-107A716DD6A1}</ID><CreationTime>131057175254988447</CreationTime><Name>New tweaks</Name><NameIsMultilanguage>0</NameIsMultilanguage><NameStrId>0</NameStrId><QuicklyTuneUp>0</QuicklyTuneUp><Tweaks/></Group></Groups></Doc>
